status_type,date_created,compliance_due_date,original_date_closed,discrepancy_completed_date,discrepancy_type,record_type
Closed - Approved,7/7/2017 14:07,9/5/2017 0:09,7/21/2017 0:07,7/11/2017 9:07,Deviation,Discrepancy
Closed - Approved,7/24/2017 15:07,9/4/2017 0:09,10/13/2017 0:10,10/13/2017 10:10,Investigation,Discrepancy
Closed - Approved,8/2/2017 6:08,9/1/2017 0:09,8/9/2017 0:08,8/8/2017 7:08,Deviation,Discrepancy
Closed - Approved,8/2/2017 7:08,9/1/2017 0:09,8/25/2017 0:08,8/24/2017 8:08,Deviation,Discrepancy
Closed - Approved,8/2/2017 9:08,9/1/2017 0:09,9/1/2017 0:09,8/30/2017 10:08,Deviation,Discrepancy
Closed - Approved,8/2/2017 14:08,9/1/2017 0:09,9/8/2017 0:09,9/5/2017 9:09,Deviation,Discrepancy
In proggress,8/3/2017 7:08,9/2/2017 0:09,8/30/2017 0:08,8/25/2017 7:08,Deviation,Discrepancy
Closed - Approved,8/3/2017 9:08,9/2/2017 0:09,9/28/2017 0:09,9/27/2017 5:09,Deviation,Discrepancy
Closed - Approved,8/3/2017 9:08,9/2/2017 0:09,8/4/2017 0:08,8/3/2017 17:08,Deviation,Discrepancy
Closed - Approved,8/3/2017 9:08,9/2/2017 0:09,8/17/2017 0:08,8/17/2017 7:08,Deviation,Discrepancy
Closed - Approved,8/3/2017 11:08,9/2/2017 0:09,8/9/2017 0:08,8/4/2017 5:08,Deviation,Discrepancy
Closed - Approved,8/3/2017 15:08,9/2/2017 0:09,8/30/2017 0:08,8/30/2017 9:08,Deviation,Discrepancy
Closed - Approved,8/4/2017 6:08,9/3/2017 0:09,9/1/2017 0:09,8/22/2017 4:08,Deviation,Discrepancy
Closed - Approved,8/4/2017 8:08,9/3/2017 0:09,8/4/2017 0:08,8/4/2017 9:08,Deviation,Discrepancy
Closed - Approved,8/4/2017 9:08,9/3/2017 0:09,8/14/2017 0:08,8/10/2017 10:08,Deviation,Discrepancy
In proggress,8/4/2017 10:08,9/3/2017 0:09,8/14/2017 0:08,8/11/2017 8:08,Deviation,Discrepancy
Closed - Approved,8/4/2017 11:08,9/3/2017 0:09,9/3/2017 0:09,8/31/2017 11:08,Deviation,Discrepancy
Closed - Approved,8/4/2017 12:08,9/3/2017 0:09,8/25/2017 0:08,8/18/2017 7:08,Deviation,Discrepancy
Closed - Approved,8/7/2017 7:08,9/6/2017 0:09,8/8/2017 0:08,8/7/2017 12:08,Deviation,Discrepancy
Closed - Approved,8/7/2017 10:08,9/6/2017 0:09,9/19/2017 0:09,9/18/2017 5:09,Deviation,Discrepancy
Closed - Approved,8/7/2017 11:08,9/6/2017 0:09,9/6/2017 0:09,8/31/2017 5:08,Deviation,Discrepancy
Closed - Approved,8/8/2017 8:08,9/7/2017 0:09,9/8/2017 0:09,9/6/2017 15:09,Deviation,Discrepancy
Closed - Approved,8/8/2017 14:08,9/7/2017 0:09,9/19/2017 0:09,9/12/2017 7:09,Deviation,Discrepancy
Closed - Approved,8/8/2017 15:08,9/7/2017 0:09,9/7/2017 0:09,9/5/2017 15:09,Deviation,Discrepancy
In proggress,8/9/2017 7:08,9/8/2017 0:09,9/14/2017 0:09,9/11/2017 6:09,Deviation,Discrepancy
Closed - Approved,8/9/2017 8:08,9/8/2017 0:09,8/17/2017 0:08,8/16/2017 6:08,Deviation,Discrepancy
Closed - Approved,8/9/2017 8:08,9/8/2017 0:09,9/11/2017 0:09,9/7/2017 10:09,Deviation,Discrepancy
Closed - Approved,8/9/2017 11:08,10/8/2017 0:10,9/4/2017 0:09,9/4/2017 13:09,Deviation,Discrepancy Third Party
Closed - Approved,8/9/2017 11:08,9/8/2017 0:09,9/12/2017 0:09,9/7/2017 6:09,Deviation,Discrepancy
Closed - Approved,8/9/2017 11:08,9/8/2017 0:09,9/6/2017 0:09,9/4/2017 8:09,Deviation,Discrepancy
Closed - Approved,8/9/2017 12:08,10/8/2017 0:10,8/18/2017 0:08,8/17/2017 7:08,Deviation,Discrepancy
Closed - Approved,8/9/2017 14:08,9/8/2017 0:09,9/8/2017 0:09,8/29/2017 6:08,Deviation,Discrepancy
Closed - Approved,8/9/2017 14:08,9/20/2017 0:09,9/15/2017 0:09,9/14/2017 12:09,Investigation,Discrepancy
Closed - Approved,8/10/2017 7:08,9/9/2017 0:09,9/11/2017 0:09,10/10/2017 13:10,Deviation,Discrepancy
Closed - Approved,8/10/2017 7:08,9/9/2017 0:09,8/15/2017 0:08,8/11/2017 8:08,Deviation,Discrepancy
Closed - Approved,8/10/2017 8:08,9/9/2017 0:09,9/8/2017 0:09,8/31/2017 12:08,Deviation,Discrepancy
Closed - Withdrawn,8/10/2017 9:08,9/9/2017 0:09,8/15/2017 0:08,,Deviation,Discrepancy
Closed - Approved,8/10/2017 9:08,9/9/2017 0:09,8/22/2017 0:08,8/18/2017 12:08,Deviation,Discrepancy
Closed - Approved,8/10/2017 11:08,9/9/2017 0:09,11/29/2017 0:11,11/28/2017 10:11,Deviation,Discrepancy
Closed - Approved,8/10/2017 13:08,9/9/2017 0:09,9/5/2017 0:09,8/30/2017 13:08,Deviation,Discrepancy
Closed - Approved,8/10/2017 13:08,9/9/2017 0:09,9/12/2017 0:09,9/8/2017 10:09,Deviation,Discrepancy
Closed - Approved,8/10/2017 14:08,9/9/2017 0:09,9/11/2017 0:09,9/5/2017 15:09,Deviation,Discrepancy
Closed - Approved,8/10/2017 14:08,9/9/2017 0:09,9/6/2017 0:09,9/5/2017 8:09,Deviation,Discrepancy
Closed - Approved,8/11/2017 4:08,9/10/2017 0:09,9/25/2017 0:09,9/19/2017 4:09,Deviation,Discrepancy
Closed - Approved,8/11/2017 6:08,9/10/2017 0:09,10/6/2017 0:10,10/6/2017 9:10,Deviation,Discrepancy
Closed - Approved,8/11/2017 7:08,9/10/2017 0:09,9/8/2017 0:09,9/6/2017 16:09,Deviation,Discrepancy
In proggress,8/11/2017 8:08,9/10/2017 0:09,8/17/2017 0:08,8/17/2017 9:08,Deviation,Discrepancy
Closed - Approved,8/11/2017 9:08,9/10/2017 0:09,8/18/2017 0:08,8/18/2017 13:08,Deviation,Discrepancy
Closed - Approved,8/11/2017 12:08,9/10/2017 0:09,9/25/2017 0:09,9/21/2017 12:09,Deviation,Discrepancy
Closed - Approved,8/11/2017 12:08,9/10/2017 0:09,9/1/2017 0:09,8/30/2017 13:08,Deviation,Discrepancy
Closed - Approved,8/11/2017 13:08,9/10/2017 0:09,9/12/2017 0:09,9/7/2017 14:09,Deviation,Discrepancy
Closed - Approved,8/11/2017 14:08,9/10/2017 0:09,8/25/2017 0:08,8/24/2017 12:08,Deviation,Discrepancy
Closed - Approved,8/14/2017 7:08,9/13/2017 0:09,9/22/2017 0:09,9/20/2017 11:09,Deviation,Discrepancy
Closed - Approved,8/14/2017 8:08,9/13/2017 0:09,9/5/2017 0:09,8/28/2017 13:08,Deviation,Discrepancy
Closed - Approved,8/14/2017 11:08,9/13/2017 0:09,10/5/2017 0:10,10/5/2017 9:10,Deviation,Discrepancy
Closed - Approved,8/14/2017 12:08,9/13/2017 0:09,9/8/2017 0:09,8/30/2017 14:08,Deviation,Discrepancy
Closed - Approved,8/14/2017 12:08,9/13/2017 0:09,9/12/2017 0:09,9/8/2017 13:09,Deviation,Discrepancy
Closed - Approved,8/14/2017 12:08,9/13/2017 0:09,9/18/2017 0:09,9/14/2017 7:09,Deviation,Discrepancy
Closed - Approved,8/14/2017 12:08,9/25/2017 0:09,10/6/2017 0:10,10/5/2017 14:10,Investigation,Discrepancy
Closed - Approved,8/14/2017 13:08,9/13/2017 0:09,9/13/2017 0:09,9/5/2017 13:09,Deviation,Discrepancy
Closed - Approved,8/14/2017 13:08,9/13/2017 0:09,10/5/2017 0:10,9/29/2017 9:09,Deviation,Discrepancy
Closed - Approved,8/14/2017 13:08,9/13/2017 0:09,9/29/2017 0:09,9/27/2017 14:09,Deviation,Discrepancy
Closed - Approved,8/14/2017 13:08,9/13/2017 0:09,8/15/2017 0:08,8/15/2017 7:08,Deviation,Discrepancy
Closed - Approved,8/14/2017 13:08,9/13/2017 0:09,12/13/2017 0:12,11/24/2017 9:11,Deviation,Discrepancy
In proggress,8/14/2017 14:08,9/13/2017 0:09,9/13/2017 0:09,9/12/2017 12:09,Deviation,Discrepancy
Closed - Approved,8/14/2017 19:08,9/13/2017 0:09,8/24/2017 0:08,8/22/2017 13:08,Deviation,Discrepancy
Closed - Approved,8/15/2017 8:08,9/14/2017 0:09,8/22/2017 0:08,8/22/2017 7:08,Deviation,Discrepancy
Closed - Approved,8/15/2017 12:08,9/14/2017 0:09,9/12/2017 0:09,9/11/2017 13:09,Deviation,Discrepancy
Closed - Withdrawn,8/15/2017 12:08,9/14/2017 0:09,8/17/2017 0:08,\N,Deviation,Discrepancy
Closed - Approved,8/15/2017 13:08,9/14/2017 0:09,9/8/2017 0:09,9/6/2017 14:09,Deviation,Discrepancy
Closed - Approved,8/15/2017 14:08,9/14/2017 0:09,8/24/2017 0:08,8/23/2017 14:08,Deviation,Discrepancy
Closed - Approved,8/15/2017 14:08,9/14/2017 0:09,8/23/2017 0:08,8/18/2017 14:08,Deviation,Discrepancy
Closed - Withdrawn,8/16/2017 8:08,9/15/2017 0:09,8/17/2017 0:08,\N,Deviation,Discrepancy
Closed - Approved,8/16/2017 9:08,9/15/2017 0:09,9/13/2017 0:09,9/12/2017 11:09,Deviation,Discrepancy
Closed - Approved,8/16/2017 10:08,9/15/2017 0:09,8/23/2017 0:08,8/30/2017 11:08,Deviation,Discrepancy
Closed - Approved,8/16/2017 11:08,9/15/2017 0:09,9/21/2017 0:09,9/11/2017 11:09,Deviation,Discrepancy
Closed - Approved,8/16/2017 13:08,9/15/2017 0:09,9/15/2017 0:09,9/13/2017 6:09,Deviation,Discrepancy
Closed - Approved,8/16/2017 14:08,9/15/2017 0:09,9/27/2017 0:09,9/27/2017 6:09,Deviation,Discrepancy
Closed - Approved,8/17/2017 7:08,9/16/2017 0:09,9/15/2017 0:09,9/14/2017 7:09,Deviation,Discrepancy
Closed - Approved,8/17/2017 11:08,9/16/2017 0:09,9/29/2017 0:09,9/29/2017 12:09,Deviation,Discrepancy
Closed - Approved,8/17/2017 14:08,9/16/2017 0:09,9/15/2017 0:09,9/15/2017 9:09,Deviation,Discrepancy
In proggress,8/17/2017 15:08,9/16/2017 0:09,9/22/2017 0:09,9/20/2017 9:09,Deviation,Discrepancy
Closed - Approved,8/18/2017 8:08,9/17/2017 0:09,8/25/2017 0:08,8/23/2017 10:08,Deviation,Discrepancy
Closed - Approved,8/18/2017 9:08,9/17/2017 0:09,9/26/2017 0:09,9/20/2017 6:09,Deviation,Discrepancy
Closed - Approved,8/18/2017 10:08,9/17/2017 0:09,9/5/2017 0:09,8/25/2017 14:08,Deviation,Discrepancy
Closed - Approved,8/18/2017 11:08,9/17/2017 0:09,9/6/2017 0:09,8/25/2017 13:08,Deviation,Discrepancy
Closed - Approved,8/18/2017 12:08,9/17/2017 0:09,8/25/2017 0:08,8/21/2017 12:08,Deviation,Discrepancy
Closed - Approved,8/18/2017 13:08,9/17/2017 0:09,8/28/2017 0:08,8/25/2017 11:08,Deviation,Discrepancy
In proggress,8/18/2017 14:08,9/17/2017 14:09,11/27/2017 0:11,11/24/2017 12:11,Deviation,Discrepancy
Closed - Approved,8/18/2017 14:08,9/17/2017 0:09,9/25/2017 0:09,9/25/2017 12:09,Deviation,Discrepancy
Closed - Approved,8/18/2017 15:08,9/17/2017 0:09,9/15/2017 0:09,9/15/2017 11:09,Deviation,Discrepancy
Closed - Approved,8/21/2017 12:08,9/20/2017 0:09,9/5/2017 0:09,8/31/2017 14:08,Deviation,Discrepancy
Closed - Approved,8/21/2017 13:08,9/20/2017 0:09,9/22/2017 0:09,9/20/2017 6:09,Deviation,Discrepancy
Closed - Approved,8/22/2017 11:08,9/21/2017 0:09,9/28/2017 0:09,9/25/2017 11:09,Deviation,Discrepancy
Closed - Approved,8/22/2017 11:08,9/21/2017 0:09,9/22/2017 0:09,10/18/2017 10:10,Deviation,Discrepancy
In proggress,8/22/2017 12:08,9/21/2017 0:09,8/24/2017 0:08,8/23/2017 13:08,Deviation,Discrepancy
Closed - Approved,8/23/2017 7:08,9/22/2017 0:09,10/27/2017 0:10,10/10/2017 5:10,Deviation,Discrepancy
Closed - Approved,8/23/2017 7:08,9/22/2017 0:09,9/22/2017 0:09,9/21/2017 7:09,Deviation,Discrepancy
Closed - Withdrawn,8/23/2017 7:08,9/22/2017 0:09,9/1/2017 0:09,\N,Deviation,Discrepancy
Closed - Approved,8/23/2017 7:08,9/22/2017 0:09,9/22/2017 0:09,9/20/2017 9:09,Deviation,Discrepancy
Closed - Approved,8/23/2017 9:08,9/22/2017 0:09,9/18/2017 0:09,9/15/2017 9:09,Deviation,Discrepancy
Closed - Approved,8/23/2017 11:08,9/22/2017 0:09,9/22/2017 0:09,9/22/2017 7:09,Deviation,Discrepancy
Closed - Approved,8/23/2017 14:08,9/22/2017 0:09,9/21/2017 0:09,9/20/2017 8:09,Deviation,Discrepancy
Closed - Approved,8/24/2017 9:08,9/23/2017 0:09,9/18/2017 0:09,9/14/2017 12:09,Deviation,Discrepancy
Closed - Approved,8/24/2017 11:08,9/23/2017 0:09,9/4/2017 0:09,8/28/2017 13:08,Deviation,Discrepancy
Closed - Approved,8/24/2017 12:08,9/23/2017 0:09,8/29/2017 0:08,8/28/2017 13:08,Deviation,Discrepancy
Closed - Approved,8/24/2017 12:08,9/23/2017 0:09,9/22/2017 0:09,9/21/2017 12:09,Deviation,Discrepancy
Closed - Approved,8/24/2017 13:08,9/23/2017 0:09,9/21/2017 0:09,9/18/2017 14:09,Deviation,Discrepancy
Closed - Approved,8/24/2017 15:08,9/23/2017 0:09,9/20/2017 0:09,9/7/2017 15:09,Deviation,Discrepancy
Closed - Approved,8/24/2017 15:08,9/23/2017 0:09,9/19/2017 0:09,9/18/2017 11:09,Deviation,Discrepancy
Closed - Approved,8/25/2017 4:08,9/24/2017 0:09,8/29/2017 0:08,8/28/2017 13:08,Deviation,Discrepancy
In proggress,8/25/2017 8:08,9/24/2017 0:09,9/24/2017 0:09,9/21/2017 11:09,Deviation,Discrepancy
Closed - Approved,8/25/2017 9:08,9/24/2017 0:09,9/1/2017 0:09,8/29/2017 8:08,Deviation,Discrepancy
Closed - Approved,8/25/2017 11:08,9/24/2017 0:09,9/22/2017 0:09,9/21/2017 11:09,Deviation,Discrepancy
Closed - Approved,8/25/2017 11:08,9/24/2017 0:09,8/31/2017 0:08,8/31/2017 6:08,Deviation,Discrepancy
Closed - Approved,8/25/2017 20:08,9/24/2017 0:09,10/6/2017 0:10,10/6/2017 9:10,Deviation,Discrepancy
Closed - Approved,8/28/2017 6:08,9/27/2017 0:09,9/13/2017 0:09,9/6/2017 11:09,Deviation,Discrepancy
Closed - Approved,8/28/2017 7:08,9/27/2017 0:09,9/15/2017 0:09,9/14/2017 5:09,Deviation,Discrepancy
Closed - Approved,8/28/2017 7:08,9/27/2017 0:09,9/26/2017 0:09,9/20/2017 8:09,Deviation,Discrepancy
Closed - Approved,8/28/2017 9:08,9/27/2017 0:09,9/26/2017 0:09,9/21/2017 11:09,Deviation,Discrepancy
Closed - Approved,8/28/2017 13:08,9/27/2017 0:09,12/14/2017 0:12,12/13/2017 11:12,Investigation,Discrepancy
Closed - Approved,8/29/2017 8:08,9/28/2017 0:09,9/29/2017 0:09,9/28/2017 6:09,Deviation,Discrepancy
Closed - Approved,8/29/2017 8:08,9/28/2017 0:09,9/21/2017 0:09,9/1/2017 9:09,Deviation,Discrepancy
Closed - Approved,8/29/2017 8:08,9/28/2017 0:09,9/25/2017 0:09,9/21/2017 11:09,Deviation,Discrepancy
Closed - Approved,8/29/2017 9:08,9/28/2017 0:09,9/28/2017 0:09,9/28/2017 6:09,Deviation,Discrepancy
Closed - Approved,8/29/2017 10:08,9/28/2017 0:09,10/27/2017 0:10,10/19/2017 11:10,Deviation,Discrepancy
Closed - Approved,8/29/2017 11:08,9/28/2017 0:09,10/25/2017 0:10,10/23/2017 12:10,Deviation,Discrepancy
Closed - Approved,8/29/2017 20:08,9/28/2017 0:09,9/1/2017 0:09,9/1/2017 6:09,Deviation,Discrepancy
Closed - Approved,8/30/2017 10:08,9/29/2017 0:09,10/10/2017 0:10,9/19/2017 4:09,Deviation,Discrepancy
Closed - Approved,8/30/2017 12:08,9/29/2017 0:09,9/29/2017 0:09,9/6/2017 8:09,Deviation,Discrepancy
In proggress,8/30/2017 12:08,9/29/2017 0:09,10/27/2017 0:10,10/25/2017 14:10,Deviation,Discrepancy
Closed - Approved,8/30/2017 13:08,9/29/2017 0:09,9/19/2017 0:09,9/13/2017 8:09,Deviation,Discrepancy
Closed - Approved,8/30/2017 13:08,9/29/2017 0:09,10/6/2017 0:10,9/29/2017 14:09,Deviation,Discrepancy
Closed - Approved,8/30/2017 14:08,9/29/2017 0:09,9/29/2017 0:09,9/28/2017 8:09,Deviation,Discrepancy
Closed - Approved,8/31/2017 7:08,9/30/2017 0:09,9/29/2017 0:09,9/28/2017 7:09,Deviation,Discrepancy
Closed - Approved,8/31/2017 7:08,9/30/2017 0:09,9/29/2017 0:09,9/27/2017 15:09,Deviation,Discrepancy
Closed - Approved,8/31/2017 8:08,9/30/2017 0:09,9/22/2017 0:09,9/22/2017 7:09,Deviation,Discrepancy
Closed - Approved,8/31/2017 12:08,9/30/2017 0:09,9/26/2017 0:09,9/14/2017 14:09,Deviation,Discrepancy
Closed - Approved,8/31/2017 13:08,9/30/2017 0:09,9/28/2017 0:09,9/25/2017 11:09,Deviation,Discrepancy
Closed - Withdrawn,9/1/2017 6:09,10/1/2017 0:10,9/19/2017 0:09,\N,Deviation,Discrepancy
Closed - Approved,9/1/2017 6:09,10/1/2017 0:10,10/6/2017 0:10,9/27/2017 9:09,Deviation,Discrepancy
Closed - Approved,9/1/2017 7:09,10/1/2017 0:10,9/26/2017 0:09,9/20/2017 13:09,Deviation,Discrepancy
Closed - Approved,9/1/2017 7:09,10/1/2017 0:10,9/26/2017 0:09,9/20/2017 13:09,Deviation,Discrepancy
Closed - Approved,9/1/2017 10:09,10/1/2017 0:10,9/18/2017 0:09,9/14/2017 15:09,Deviation,Discrepancy
In proggress,9/1/2017 12:09,10/1/2017 0:10,10/6/2017 0:10,10/6/2017 9:10,Deviation,Discrepancy
Closed - Approved,9/1/2017 12:09,10/1/2017 0:10,9/29/2017 0:09,9/28/2017 11:09,Deviation,Discrepancy
Closed - Approved,9/1/2017 12:09,10/1/2017 0:10,9/19/2017 0:09,9/6/2017 7:09,Deviation,Discrepancy
Closed - Approved,9/1/2017 14:09,10/1/2017 0:10,9/26/2017 0:09,9/25/2017 11:09,Deviation,Discrepancy
Closed - Approved,9/4/2017 8:09,10/4/2017 0:10,9/21/2017 0:09,9/20/2017 13:09,Deviation,Discrepancy
Closed - Approved,9/4/2017 13:09,10/4/2017 0:10,9/26/2017 0:09,9/18/2017 13:09,Deviation,Discrepancy
Closed - Withdrawn,9/4/2017 15:09,10/4/2017 0:10,9/15/2017 0:09,\N,Deviation,Discrepancy
Closed - Approved,9/5/2017 7:09,10/5/2017 0:10,9/8/2017 0:09,9/6/2017 15:09,Deviation,Discrepancy
Closed - Approved,9/5/2017 11:09,10/5/2017 0:10,11/6/2017 0:11,11/6/2017 12:11,Deviation,Discrepancy
Closed - Withdrawn,9/5/2017 11:09,10/5/2017 0:10,9/19/2017 0:09,\N,Deviation,Discrepancy
Closed - Approved,9/5/2017 13:09,10/5/2017 0:10,10/5/2017 0:10,10/5/2017 12:10,Deviation,Discrepancy
Closed - Approved,9/5/2017 14:09,10/5/2017 0:10,9/12/2017 0:09,9/8/2017 7:09,Deviation,Discrepancy
Closed - Approved,9/6/2017 6:09,10/6/2017 0:10,9/12/2017 0:09,9/11/2017 9:09,Deviation,Discrepancy
Closed - Approved,9/6/2017 7:09,10/6/2017 7:10,12/8/2017 0:12,12/5/2017 13:12,Deviation,Discrepancy
Closed - Approved,9/6/2017 8:09,10/6/2017 0:10,9/29/2017 0:09,9/19/2017 5:09,Deviation,Discrepancy
Closed - Approved,9/6/2017 9:09,10/6/2017 0:10,9/12/2017 0:09,9/7/2017 6:09,Deviation,Discrepancy
Closed - Approved,9/6/2017 14:09,10/6/2017 0:10,10/6/2017 0:10,9/29/2017 14:09,Deviation,Discrepancy
Closed - Approved,9/7/2017 6:09,10/7/2017 0:10,9/14/2017 0:09,9/14/2017 12:09,Deviation,Discrepancy
Closed - Approved,9/7/2017 11:09,10/7/2017 0:10,9/12/2017 0:09,9/11/2017 9:09,Deviation,Discrepancy
Closed - Approved,9/7/2017 11:09,10/7/2017 0:10,10/5/2017 0:10,9/29/2017 8:09,Deviation,Discrepancy
Closed - Approved,9/7/2017 12:09,10/7/2017 0:10,9/18/2017 0:09,9/18/2017 9:09,Deviation,Discrepancy
Closed - Approved,9/7/2017 13:09,10/7/2017 0:10,11/10/2017 0:11,10/20/2017 14:10,Deviation,Discrepancy
Closed - Approved,9/8/2017 6:09,10/8/2017 0:10,9/22/2017 0:09,9/22/2017 8:09,Deviation,Discrepancy
Closed - Approved,9/8/2017 7:09,10/8/2017 0:10,9/29/2017 0:09,9/20/2017 12:09,Deviation,Discrepancy
Closed - Approved,9/8/2017 12:09,10/8/2017 0:10,10/6/2017 0:10,10/6/2017 7:10,Deviation,Discrepancy
Closed - Approved,9/8/2017 13:09,10/8/2017 0:10,11/28/2017 0:11,11/24/2017 11:11,Deviation,Discrepancy
In proggress,9/11/2017 7:09,10/11/2017 0:10,10/11/2017 0:10,10/4/2017 13:10,Deviation,Discrepancy
Closed - Approved,9/12/2017 7:09,10/12/2017 0:10,9/19/2017 0:09,9/15/2017 9:09,Deviation,Discrepancy
Closed - Approved,9/12/2017 15:09,10/24/2017 0:10,10/9/2017 0:10,10/9/2017 12:10,Investigation,Discrepancy
Closed - Approved,9/12/2017 20:09,10/12/2017 20:10,10/12/2017 0:10,10/12/2017 13:10,Deviation,Discrepancy
Closed - Approved,9/13/2017 11:09,10/13/2017 0:10,9/29/2017 0:09,9/26/2017 6:09,Deviation,Discrepancy
Closed - Approved,9/13/2017 12:09,10/13/2017 0:10,10/12/2017 0:10,10/12/2017 9:10,Deviation,Discrepancy
Closed - Approved,9/13/2017 12:09,10/13/2017 0:10,11/3/2017 0:11,11/2/2017 8:11,Deviation,Discrepancy
Closed - Approved,9/13/2017 12:09,10/13/2017 0:10,11/7/2017 0:11,11/6/2017 16:11,Deviation,Discrepancy
Closed - Approved,9/13/2017 15:09,10/13/2017 0:10,10/18/2017 0:10,9/21/2017 9:09,Deviation,Discrepancy
Closed - Approved,9/14/2017 6:09,10/14/2017 0:10,10/10/2017 0:10,10/10/2017 5:10,Deviation,Discrepancy
Closed - Approved,9/14/2017 11:09,10/14/2017 0:10,10/13/2017 0:10,10/11/2017 14:10,Deviation,Discrepancy
Closed - Approved,9/14/2017 12:09,10/14/2017 0:10,10/13/2017 0:10,10/12/2017 7:10,Deviation,Discrepancy
Closed - Approved,9/14/2017 13:09,10/14/2017 0:10,10/12/2017 0:10,10/10/2017 8:10,Deviation,Discrepancy
Closed - Approved,9/14/2017 13:09,10/14/2017 0:10,9/18/2017 0:09,9/18/2017 6:09,Deviation,Discrepancy
Closed - Approved,9/14/2017 14:09,10/14/2017 0:10,9/28/2017 0:09,9/22/2017 14:09,Deviation,Discrepancy
Closed - Approved,9/14/2017 14:09,10/26/2017 0:10,10/26/2017 0:10,10/26/2017 6:10,Investigation,Discrepancy
Closed - Approved,9/14/2017 14:09,10/14/2017 0:10,10/14/2017 0:10,10/13/2017 10:10,Deviation,Discrepancy
Closed - Approved,9/15/2017 13:09,10/15/2017 0:10,9/27/2017 0:09,9/26/2017 12:09,Deviation,Discrepancy
Closed - Approved,9/18/2017 10:09,10/18/2017 10:10,10/18/2017 0:10,10/16/2017 8:10,Deviation,Discrepancy
Closed - Approved,9/18/2017 13:09,10/18/2017 0:10,10/13/2017 0:10,10/10/2017 15:10,Deviation,Discrepancy
Closed - Approved,9/18/2017 15:09,10/18/2017 0:10,10/18/2017 0:10,10/18/2017 12:10,Deviation,Discrepancy
Closed - Approved,9/18/2017 15:09,10/18/2017 0:10,10/18/2017 0:10,10/18/2017 12:10,Deviation,Discrepancy
In proggress,9/19/2017 8:09,10/19/2017 0:10,10/19/2017 0:10,10/17/2017 9:10,Deviation,Discrepancy
Closed - Approved,9/19/2017 8:09,10/19/2017 0:10,10/19/2017 0:10,10/10/2017 12:10,Deviation,Discrepancy
Closed - Approved,9/19/2017 11:09,10/19/2017 0:10,10/5/2017 0:10,10/4/2017 13:10,Deviation,Discrepancy
Closed - Approved,9/19/2017 12:09,10/19/2017 0:10,10/18/2017 0:10,10/18/2017 12:10,Deviation,Discrepancy
Closed - Approved,9/19/2017 12:09,10/19/2017 0:10,10/12/2017 0:10,10/12/2017 13:10,Deviation,Discrepancy
Closed - Approved,9/19/2017 12:09,10/19/2017 0:10,9/25/2017 0:09,9/25/2017 6:09,Deviation,Discrepancy
Closed - Approved,9/19/2017 14:09,10/19/2017 0:10,10/11/2017 0:10,10/10/2017 8:10,Deviation,Discrepancy
Closed - Approved,9/20/2017 5:09,10/20/2017 0:10,9/25/2017 0:09,9/21/2017 10:09,Deviation,Discrepancy
Closed - Approved,9/20/2017 9:09,10/20/2017 0:10,10/10/2017 0:10,10/5/2017 11:10,Deviation,Discrepancy
Closed - Approved,9/20/2017 11:09,10/20/2017 0:10,10/20/2017 0:10,10/12/2017 12:10,Deviation,Discrepancy
Closed - Approved,9/21/2017 4:09,10/21/2017 0:10,9/29/2017 0:09,9/26/2017 5:09,Deviation,Discrepancy
Closed - Approved,9/21/2017 7:09,10/21/2017 0:10,10/18/2017 0:10,10/9/2017 14:10,Deviation,Discrepancy
Closed - Approved,9/21/2017 8:09,10/21/2017 8:10,10/20/2017 0:10,10/11/2017 13:10,Deviation,Discrepancy
In proggress,9/21/2017 8:09,10/21/2017 0:10,10/20/2017 0:10,10/18/2017 8:10,Deviation,Discrepancy
Closed - Approved,9/21/2017 12:09,10/21/2017 0:10,10/11/2017 0:10,10/10/2017 8:10,Deviation,Discrepancy
Closed - Approved,9/21/2017 13:09,10/21/2017 0:10,10/11/2017 0:10,10/10/2017 5:10,Deviation,Discrepancy
Closed - Approved,9/22/2017 9:09,10/22/2017 0:10,10/22/2017 0:10,10/20/2017 11:10,Deviation,Discrepancy
Closed - Approved,9/22/2017 11:09,10/22/2017 0:10,10/12/2017 0:10,10/11/2017 13:10,Deviation,Discrepancy
Closed - Approved,9/25/2017 6:09,10/25/2017 0:10,11/10/2017 0:11,11/7/2017 11:11,Deviation,Discrepancy
Closed - Approved,9/25/2017 11:09,10/25/2017 0:10,10/9/2017 0:10,10/4/2017 16:10,Deviation,Discrepancy
Closed - Approved,9/25/2017 11:09,10/25/2017 0:10,10/19/2017 0:10,10/11/2017 14:10,Deviation,Discrepancy
Closed - Approved,9/25/2017 14:09,10/25/2017 0:10,10/16/2017 0:10,10/10/2017 10:10,Deviation,Discrepancy
Closed - Approved,9/26/2017 9:09,10/26/2017 0:10,10/10/2017 0:10,10/10/2017 6:10,Deviation,Discrepancy
Closed - Approved,9/26/2017 10:09,10/26/2017 0:10,10/11/2017 0:10,10/10/2017 10:10,Deviation,Discrepancy
Closed - Approved,9/26/2017 11:09,10/26/2017 0:10,11/20/2017 0:11,11/3/2017 8:11,Deviation,Discrepancy
Closed - Approved,9/26/2017 11:09,10/26/2017 0:10,10/12/2017 0:10,10/12/2017 9:10,Deviation,Discrepancy
In proggress,9/26/2017 11:09,10/26/2017 0:10,10/25/2017 0:10,10/19/2017 14:10,Deviation,Discrepancy
Closed - Approved,9/27/2017 9:09,10/27/2017 0:10,10/27/2017 0:10,10/25/2017 12:10,Deviation,Discrepancy
Closed - Approved,9/27/2017 13:09,10/27/2017 13:10,10/26/2017 0:10,10/25/2017 5:10,Deviation,Discrepancy
Closed - Approved,9/27/2017 13:09,10/27/2017 0:10,10/27/2017 0:10,10/26/2017 9:10,Deviation,Discrepancy
Closed - Approved,9/27/2017 18:09,10/27/2017 18:10,12/15/2017 0:12,12/15/2017 14:12,Deviation,Discrepancy
Closed - Approved,9/28/2017 11:09,10/28/2017 0:10,10/26/2017 0:10,10/18/2017 14:10,Deviation,Discrepancy
Closed - Approved,9/28/2017 11:09,10/28/2017 0:10,10/26/2017 0:10,10/24/2017 14:10,Deviation,Discrepancy
Closed - Withdrawn,9/28/2017 11:09,10/28/2017 0:10,9/29/2017 0:09,\N,Deviation,Discrepancy
Closed - Approved,9/28/2017 14:09,10/28/2017 0:10,10/27/2017 0:10,10/26/2017 7:10,Deviation,Discrepancy
Closed - Approved,9/28/2017 15:09,10/28/2017 15:10,10/12/2017 0:10,10/12/2017 7:10,Deviation,Discrepancy
Closed - Withdrawn,9/28/2017 22:09,10/29/2017 0:10,10/10/2017 0:10,\N,Deviation,Discrepancy
Closed - Approved,9/29/2017 12:09,10/29/2017 0:10,10/25/2017 0:10,10/25/2017 7:10,Deviation,Discrepancy
Closed - Approved,9/29/2017 12:09,10/29/2017 0:10,10/27/2017 0:10,10/25/2017 8:10,Deviation,Discrepancy
Closed - Approved,9/29/2017 14:09,10/29/2017 14:10,2/12/2018 0:02,2/9/2018 6:02,Investigation,Discrepancy
Closed - Approved,9/29/2017 15:09,10/29/2017 0:10,10/27/2017 0:10,10/26/2017 20:10,Deviation,Discrepancy
Closed - Approved,9/29/2017 15:09,10/29/2017 15:10,10/27/2017 0:10,10/26/2017 8:10,Deviation,Discrepancy
Closed - Approved,10/4/2017 10:10,11/3/2017 10:11,11/4/2017 0:11,10/26/2017 10:10,Deviation,Discrepancy
Closed - Approved,10/4/2017 11:10,11/3/2017 11:11,11/3/2017 0:11,10/26/2017 10:10,Deviation,Discrepancy
Closed - Approved,10/4/2017 12:10,11/3/2017 12:11,10/13/2017 0:10,10/11/2017 13:10,Deviation,Discrepancy
Closed - Approved,10/4/2017 14:10,11/3/2017 14:11,10/9/2017 0:10,10/9/2017 11:10,Deviation,Discrepancy
Closed - Approved,10/5/2017 8:10,11/4/2017 8:11,11/27/2017 0:11,11/24/2017 12:11,Deviation,Discrepancy
Closed - Approved,10/5/2017 9:10,11/4/2017 9:11,11/3/2017 0:11,10/13/2017 11:10,Deviation,Discrepancy
Closed - Approved,10/5/2017 11:10,11/4/2017 11:11,11/3/2017 0:11,10/27/2017 10:10,Deviation,Discrepancy
Closed - Approved,10/5/2017 11:10,11/4/2017 11:11,11/3/2017 0:11,10/27/2017 11:10,Deviation,Discrepancy
Closed - Approved,10/5/2017 12:10,11/4/2017 12:11,11/3/2017 0:11,10/27/2017 11:10,Deviation,Discrepancy
Closed - Approved,10/5/2017 13:10,11/4/2017 13:11,11/3/2017 0:11,11/3/2017 14:11,Deviation,Discrepancy
In proggress,10/5/2017 15:10,11/4/2017 15:11,10/17/2017 0:10,10/16/2017 14:10,Deviation,Discrepancy
Closed - Approved,10/5/2017 15:10,11/4/2017 15:11,12/13/2017 0:12,12/12/2017 18:12,Deviation,Discrepancy
Closed - Approved,10/5/2017 15:10,11/4/2017 15:11,11/3/2017 0:11,10/27/2017 6:10,Deviation,Discrepancy
Closed - Approved,10/6/2017 10:10,11/5/2017 10:11,11/14/2017 0:11,11/13/2017 10:11,Deviation,Discrepancy
Closed - Approved,10/6/2017 13:10,11/5/2017 13:11,10/17/2017 0:10,10/11/2017 8:10,Deviation,Discrepancy
Closed - Approved,10/9/2017 10:10,11/8/2017 10:11,11/8/2017 0:11,11/8/2017 14:11,Deviation,Discrepancy
Closed - Approved,10/9/2017 13:10,11/8/2017 13:11,11/8/2017 0:11,10/25/2017 13:10,Deviation,Discrepancy
Closed - Approved,10/9/2017 13:10,11/8/2017 13:11,10/13/2017 0:10,10/13/2017 9:10,Deviation,Discrepancy
Closed - Approved,10/9/2017 13:10,11/8/2017 13:11,11/7/2017 0:11,11/3/2017 13:11,Deviation,Discrepancy
Closed - Approved,10/10/2017 7:10,11/9/2017 7:11,11/2/2017 0:11,10/26/2017 10:10,Deviation,Discrepancy
Closed - Approved,10/10/2017 7:10,11/9/2017 7:11,10/13/2017 0:10,10/11/2017 6:10,Deviation,Discrepancy
Closed - Approved,10/10/2017 12:10,11/9/2017 12:11,11/9/2017 0:11,11/8/2017 12:11,Deviation,Discrepancy
Closed - Approved,10/10/2017 14:10,11/9/2017 14:11,11/9/2017 0:11,11/6/2017 9:11,Deviation,Discrepancy
Closed - Approved,10/10/2017 15:10,11/9/2017 15:11,11/9/2017 0:11,12/8/2017 11:12,Deviation,Discrepancy
Closed - Approved,10/11/2017 6:10,11/10/2017 6:11,11/9/2017 0:11,11/9/2017 10:11,Deviation,Discrepancy
Closed - Approved,10/11/2017 7:10,11/10/2017 7:11,11/3/2017 0:11,11/3/2017 7:11,Deviation,Discrepancy
In proggress,10/11/2017 7:10,11/10/2017 7:11,11/10/2017 0:11,11/10/2017 7:11,Deviation,Discrepancy
Closed - Approved,10/11/2017 11:10,11/10/2017 11:11,11/9/2017 0:11,11/9/2017 13:11,Deviation,Discrepancy
Closed - Approved,10/11/2017 13:10,11/22/2017 13:11,11/21/2017 0:11,11/17/2017 9:11,Investigation,Discrepancy
Closed - Approved,10/11/2017 14:10,11/10/2017 14:11,11/10/2017 0:11,11/3/2017 9:11,Deviation,Discrepancy
Closed - Approved,10/11/2017 15:10,11/10/2017 15:11,11/9/2017 0:11,10/24/2017 22:10,Deviation,Discrepancy
Closed - Approved,10/12/2017 7:10,11/11/2017 7:11,10/25/2017 0:10,10/20/2017 12:10,Deviation,Discrepancy
Closed - Approved,10/12/2017 8:10,11/11/2017 8:11,11/10/2017 0:11,11/10/2017 11:11,Deviation,Discrepancy
Closed - Approved,10/12/2017 10:10,11/11/2017 10:11,10/20/2017 0:10,10/19/2017 5:10,Deviation,Discrepancy
Closed - Approved,10/12/2017 10:10,11/11/2017 10:11,11/10/2017 0:11,11/9/2017 11:11,Deviation,Discrepancy
Closed - Approved,10/12/2017 13:10,11/11/2017 13:11,11/10/2017 0:11,11/7/2017 11:11,Deviation,Discrepancy
Closed - Approved,10/12/2017 14:10,11/11/2017 14:11,11/11/2017 0:11,11/15/2017 9:11,Deviation,Discrepancy
Closed - Approved,10/13/2017 9:10,11/12/2017 9:11,11/10/2017 0:11,11/9/2017 13:11,Deviation,Discrepancy
In proggress,10/13/2017 10:10,11/12/2017 10:11,12/24/2017 0:12,12/21/2017 11:12,Deviation,Discrepancy
Closed - Approved,10/13/2017 10:10,11/12/2017 10:11,12/4/2017 0:12,11/30/2017 14:11,Deviation,Discrepancy
Closed - Approved,10/13/2017 11:10,11/12/2017 11:11,11/10/2017 0:11,11/7/2017 15:11,Deviation,Discrepancy
Closed - Approved,10/16/2017 7:10,11/15/2017 7:11,11/10/2017 0:11,11/8/2017 14:11,Deviation,Discrepancy
Closed - Approved,10/16/2017 9:10,11/15/2017 9:11,11/15/2017 0:11,11/15/2017 14:11,Deviation,Discrepancy
Closed - Approved,10/16/2017 12:10,11/15/2017 12:11,10/20/2017 0:10,10/17/2017 13:10,Deviation,Discrepancy
Closed - Approved,10/16/2017 12:10,11/15/2017 12:11,11/15/2017 0:11,11/14/2017 13:11,Deviation,Discrepancy
Closed - Approved,10/16/2017 14:10,11/15/2017 14:11,11/17/2017 0:11,11/14/2017 9:11,Deviation,Discrepancy
Closed - Approved,10/17/2017 13:10,11/16/2017 13:11,11/15/2017 0:11,11/10/2017 19:11,Deviation,Discrepancy
In proggress,10/17/2017 15:10,11/16/2017 15:11,11/16/2017 0:11,11/15/2017 13:11,Deviation,Discrepancy
Closed - Approved,10/17/2017 15:10,11/16/2017 15:11,11/16/2017 0:11,11/10/2017 10:11,Deviation,Discrepancy
Closed - Approved,10/18/2017 12:10,11/17/2017 12:11,10/20/2017 0:10,10/20/2017 7:10,Deviation,Discrepancy
Closed - Approved,10/18/2017 12:10,11/17/2017 12:11,11/3/2017 0:11,10/26/2017 11:10,Deviation,Discrepancy
Closed - Approved,10/18/2017 13:10,11/17/2017 13:11,11/16/2017 0:11,11/14/2017 15:11,Deviation,Discrepancy
Closed - Approved,10/18/2017 13:10,11/17/2017 13:11,11/3/2017 0:11,10/20/2017 6:10,Deviation,Discrepancy
Closed - Approved,10/18/2017 15:10,11/17/2017 15:11,11/17/2017 0:11,11/7/2017 8:11,Deviation,Discrepancy
Closed - Approved,10/18/2017 15:10,11/17/2017 15:11,11/13/2017 0:11,11/3/2017 11:11,Deviation,Discrepancy
Closed - Approved,10/19/2017 5:10,11/18/2017 5:11,10/25/2017 0:10,10/23/2017 9:10,Deviation,Discrepancy
Closed - Approved,10/19/2017 5:10,11/18/2017 5:11,3/27/2018 0:03,3/27/2018 9:03,Deviation,Discrepancy
Closed - Approved,10/19/2017 6:10,11/18/2017 6:11,11/13/2017 0:11,11/3/2017 6:11,Deviation,Discrepancy
Closed - Approved,10/19/2017 9:10,11/18/2017 9:11,10/19/2017 0:10,10/19/2017 15:10,Deviation,Discrepancy
Closed - Approved,10/19/2017 10:10,11/18/2017 10:11,10/27/2017 0:10,10/26/2017 15:10,Deviation,Discrepancy
Closed - Approved,10/19/2017 12:10,11/18/2017 12:11,10/24/2017 0:10,10/24/2017 8:10,Deviation,Discrepancy
Closed - Approved,10/19/2017 13:10,11/18/2017 13:11,10/27/2017 0:10,10/25/2017 20:10,Deviation,Discrepancy
Closed - Approved,10/19/2017 13:10,11/18/2017 13:11,11/17/2017 0:11,11/10/2017 13:11,Deviation,Discrepancy
Closed - Withdrawn,10/20/2017 6:10,11/19/2017 6:11,10/27/2017 0:10,\N,Deviation,Discrepancy
Closed - Approved,10/20/2017 9:10,11/19/2017 9:11,11/28/2017 0:11,11/22/2017 6:11,Deviation,Discrepancy
Closed - Approved,10/20/2017 12:10,11/19/2017 12:11,11/17/2017 0:11,11/13/2017 12:11,Deviation,Discrepancy
Closed - Approved,10/20/2017 13:10,11/19/2017 13:11,11/9/2017 0:11,11/7/2017 13:11,Deviation,Discrepancy
Closed - Approved,10/20/2017 13:10,11/19/2017 13:11,12/1/2017 0:12,11/30/2017 10:11,Deviation,Discrepancy
Closed - Approved,10/20/2017 13:10,11/19/2017 13:11,11/9/2017 0:11,11/7/2017 13:11,Deviation,Discrepancy
Closed - Approved,10/20/2017 14:10,11/19/2017 14:11,11/9/2017 0:11,11/7/2017 16:11,Deviation,Discrepancy
In proggress,10/23/2017 8:10,11/22/2017 8:11,11/17/2017 0:11,11/3/2017 12:11,Deviation,Discrepancy
Closed - Approved,10/23/2017 8:10,11/22/2017 8:11,11/29/2017 0:11,11/29/2017 12:11,Deviation,Discrepancy
Closed - Approved,10/23/2017 11:10,11/22/2017 11:11,11/22/2017 0:11,11/17/2017 12:11,Deviation,Discrepancy
Closed - Approved,10/23/2017 16:10,11/22/2017 16:11,11/22/2017 0:11,11/8/2017 13:11,Deviation,Discrepancy
Closed - Approved,10/24/2017 6:10,11/23/2017 6:11,11/23/2017 0:11,11/22/2017 17:11,Deviation,Discrepancy
Closed - Approved,10/24/2017 7:10,11/23/2017 7:11,11/21/2017 0:11,11/19/2017 11:11,Deviation,Discrepancy
Closed - Approved,10/24/2017 9:10,11/23/2017 9:11,11/3/2017 0:11,10/25/2017 5:10,Deviation,Discrepancy
Closed - Approved,10/24/2017 9:10,11/23/2017 9:11,11/3/2017 0:11,10/27/2017 8:10,Deviation,Discrepancy
Closed - Approved,10/24/2017 11:10,11/23/2017 11:11,11/21/2017 0:11,11/13/2017 12:11,Deviation,Discrepancy
Closed - Approved,10/24/2017 11:10,11/23/2017 11:11,11/2/2017 0:11,10/27/2017 10:10,Deviation,Discrepancy
Closed - Approved,10/24/2017 11:10,11/23/2017 11:11,11/3/2017 0:11,11/2/2017 13:11,Deviation,Discrepancy
Closed - Approved,10/24/2017 14:10,11/23/2017 14:11,11/13/2017 0:11,11/9/2017 14:11,Deviation,Discrepancy
Closed - Withdrawn,10/24/2017 15:10,11/23/2017 15:11,10/25/2017 0:10,\N,Deviation,Discrepancy
Closed - Approved,10/25/2017 8:10,11/24/2017 8:11,11/9/2017 0:11,11/6/2017 10:11,Deviation,Discrepancy
Closed - Approved,10/25/2017 10:10,11/24/2017 10:11,11/25/2017 0:11,11/23/2017 15:11,Deviation,Discrepancy
Closed - Approved,10/25/2017 10:10,11/24/2017 10:11,10/27/2017 0:10,10/27/2017 6:10,Deviation,Discrepancy
Closed - Approved,10/25/2017 12:10,11/24/2017 12:11,11/24/2017 0:11,11/24/2017 13:11,Deviation,Discrepancy
Closed - Approved,10/25/2017 14:10,11/24/2017 14:11,11/17/2017 0:11,11/17/2017 12:11,Deviation,Discrepancy
Closed - Approved,10/25/2017 14:10,11/24/2017 14:11,11/17/2017 0:11,11/10/2017 10:11,Deviation,Discrepancy
Closed - Approved,10/25/2017 15:10,11/24/2017 15:11,12/18/2017 0:12,12/18/2017 8:12,Deviation,Discrepancy
Closed - Approved,10/25/2017 15:10,11/24/2017 15:11,12/27/2017 0:12,12/21/2017 11:12,Deviation,Discrepancy
Closed - Approved,10/25/2017 20:10,12/6/2017 20:12,12/6/2017 0:12,12/6/2017 14:12,Investigation,Discrepancy
Closed - Approved,10/26/2017 6:10,11/25/2017 6:11,11/28/2017 0:11,11/15/2017 15:11,Deviation,Discrepancy
Closed - Approved,10/26/2017 7:10,11/25/2017 7:11,11/22/2017 0:11,11/8/2017 11:11,Deviation,Discrepancy
Closed - Approved,10/26/2017 7:10,11/25/2017 7:11,11/24/2017 0:11,11/14/2017 12:11,Deviation,Discrepancy
Closed - Approved,10/26/2017 8:10,11/25/2017 8:11,11/3/2017 0:11,10/26/2017 11:10,Deviation,Discrepancy
Closed - Approved,10/26/2017 8:10,11/25/2017 8:11,11/22/2017 0:11,11/8/2017 11:11,Deviation,Discrepancy
Closed - Approved,10/26/2017 9:10,11/25/2017 9:11,11/6/2017 0:11,11/6/2017 15:11,Deviation,Discrepancy
Closed - Approved,10/26/2017 9:10,11/25/2017 9:11,11/24/2017 0:11,11/21/2017 13:11,Deviation,Discrepancy
Closed - Approved,10/26/2017 12:10,11/25/2017 12:11,11/24/2017 0:11,11/24/2017 10:11,Deviation,Discrepancy
Closed - Approved,10/26/2017 13:10,11/25/2017 13:11,11/16/2017 0:11,11/15/2017 10:11,Deviation,Discrepancy
Closed - Approved,10/26/2017 13:10,11/25/2017 13:11,11/23/2017 0:11,11/17/2017 9:11,Deviation,Discrepancy
Closed - Approved,10/26/2017 14:10,11/25/2017 14:11,11/23/2017 0:11,11/21/2017 14:11,Deviation,Discrepancy
Closed - Approved,10/26/2017 15:10,11/25/2017 15:11,11/8/2017 0:11,11/2/2017 7:11,Deviation,Discrepancy
Closed - Approved,10/27/2017 8:10,11/26/2017 8:11,11/21/2017 0:11,11/8/2017 11:11,Deviation,Discrepancy
Closed - Approved,10/27/2017 11:10,11/26/2017 11:11,11/24/2017 0:11,11/24/2017 7:11,Deviation,Discrepancy
Closed - Approved,10/30/2017 15:10,11/29/2017 15:11,11/24/2017 0:11,11/23/2017 7:11,Deviation,Discrepancy
Closed - Approved,11/2/2017 8:11,12/2/2017 8:12,11/29/2017 0:11,11/28/2017 14:11,Deviation,Discrepancy
Closed - Approved,11/2/2017 9:11,12/2/2017 9:12,11/2/2017 0:11,11/2/2017 13:11,Deviation,Discrepancy
Closed - Approved,11/2/2017 15:11,12/2/2017 15:12,12/1/2017 0:12,12/1/2017 11:12,Deviation,Discrepancy
Closed - Withdrawn,11/2/2017 15:11,12/2/2017 15:12,11/3/2017 0:11,\N,Deviation,Discrepancy
Closed - Approved,11/2/2017 19:11,12/14/2017 19:12,12/1/2017 0:12,12/1/2017 9:12,Investigation,Discrepancy
Closed - Approved,11/3/2017 10:11,12/3/2017 10:12,11/14/2017 0:11,11/13/2017 9:11,Deviation,Discrepancy
Closed - Approved,11/3/2017 11:11,12/3/2017 11:12,12/5/2017 0:12,11/29/2017 13:11,Deviation,Discrepancy
In proggress,11/3/2017 11:11,12/3/2017 11:12,12/19/2017 0:12,12/18/2017 13:12,Deviation,Discrepancy
Closed - Approved,11/3/2017 12:11,12/3/2017 12:12,12/18/2017 0:12,12/15/2017 14:12,Investigation,Discrepancy
Closed - Approved,11/3/2017 12:11,12/3/2017 12:12,11/3/2017 0:11,11/3/2017 13:11,Deviation,Discrepancy
Closed - Approved,11/3/2017 12:11,12/3/2017 12:12,11/27/2017 0:11,11/10/2017 8:11,Deviation,Discrepancy
Closed - Approved,11/3/2017 14:11,12/3/2017 14:12,11/7/2017 0:11,11/7/2017 12:11,Deviation,Discrepancy
Closed - Approved,11/3/2017 14:11,12/3/2017 14:12,11/9/2017 0:11,11/8/2017 14:11,Deviation,Discrepancy
Closed - Approved,11/6/2017 5:11,12/6/2017 5:12,12/6/2017 0:12,12/1/2017 10:12,Deviation,Discrepancy
Closed - Approved,11/6/2017 6:11,12/6/2017 6:12,12/4/2017 0:12,12/1/2017 9:12,Deviation,Discrepancy
Closed - Approved,11/6/2017 12:11,12/6/2017 12:12,11/21/2017 0:11,11/17/2017 12:11,Deviation,Discrepancy
Closed - Approved,11/6/2017 14:11,12/6/2017 14:12,11/14/2017 0:11,11/14/2017 8:11,Deviation,Discrepancy
Closed - Approved,11/6/2017 16:11,12/6/2017 16:12,12/1/2017 0:12,11/22/2017 11:11,Deviation,Discrepancy
Closed - Approved,11/7/2017 9:11,12/7/2017 9:12,11/16/2017 0:11,11/14/2017 15:11,Deviation,Discrepancy
Closed - Approved,11/7/2017 9:11,12/7/2017 9:12,11/21/2017 0:11,11/9/2017 15:11,Deviation,Discrepancy
Closed - Approved,11/7/2017 11:11,12/7/2017 11:12,11/8/2017 0:11,11/8/2017 6:11,Deviation,Discrepancy
Closed - Approved,11/7/2017 12:11,12/7/2017 12:12,11/14/2017 0:11,11/14/2017 14:11,Deviation,Discrepancy
Closed - Approved,11/7/2017 13:11,12/7/2017 13:12,12/7/2017 0:12,11/30/2017 19:11,Deviation,Discrepancy
Closed - Approved,11/8/2017 7:11,12/8/2017 7:12,12/6/2017 0:12,12/6/2017 8:12,Deviation,Discrepancy
Closed - Approved,11/8/2017 7:11,12/8/2017 7:12,12/7/2017 0:12,12/7/2017 6:12,Deviation,Discrepancy
Closed - Approved,11/8/2017 8:11,12/8/2017 8:12,11/28/2017 0:11,11/27/2017 10:11,Deviation,Discrepancy
Closed - Approved,11/8/2017 10:11,12/8/2017 10:12,12/8/2017 0:12,12/7/2017 11:12,Deviation,Discrepancy
Closed - Approved,11/8/2017 12:11,12/8/2017 12:12,12/4/2017 0:12,12/1/2017 12:12,Deviation,Discrepancy
Closed - Approved,11/8/2017 14:11,12/8/2017 14:12,11/10/2017 0:11,11/9/2017 16:11,Deviation,Discrepancy
Closed - Approved,11/8/2017 15:11,12/8/2017 15:12,12/8/2017 0:12,12/7/2017 15:12,Deviation,Discrepancy
Closed - Approved,11/8/2017 15:11,12/8/2017 15:12,11/10/2017 0:11,11/9/2017 8:11,Deviation,Discrepancy
Closed - Approved,11/9/2017 13:11,12/9/2017 13:12,2/8/2018 0:02,2/7/2018 17:02,Deviation,Discrepancy
Closed - Approved,11/10/2017 5:11,12/10/2017 5:12,11/16/2017 0:11,11/14/2017 15:11,Deviation,Discrepancy
Closed - Approved,11/10/2017 8:11,12/10/2017 8:12,12/1/2017 0:12,11/30/2017 14:11,Deviation,Discrepancy
Closed - Approved,11/10/2017 8:11,12/10/2017 8:12,12/5/2017 0:12,11/27/2017 10:11,Deviation,Discrepancy
Closed - Approved,11/10/2017 8:11,12/10/2017 8:12,12/14/2017 0:12,12/13/2017 14:12,Deviation,Discrepancy
Closed - Approved,11/10/2017 11:11,12/10/2017 11:12,12/5/2017 0:12,12/5/2017 9:12,Deviation,Discrepancy
Closed - Approved,11/10/2017 12:11,12/10/2017 12:12,12/4/2017 0:12,12/4/2017 8:12,Deviation,Discrepancy
Closed - Approved,11/10/2017 12:11,12/10/2017 12:12,11/20/2017 0:11,11/17/2017 17:11,Deviation,Discrepancy
Closed - Approved,11/10/2017 14:11,12/10/2017 14:12,12/8/2017 0:12,12/7/2017 8:12,Deviation,Discrepancy
Closed - Approved,11/10/2017 14:11,12/10/2017 14:12,12/11/2017 0:12,12/8/2017 10:12,Deviation,Discrepancy
Closed - Approved,11/13/2017 9:11,12/13/2017 9:12,12/6/2017 0:12,12/4/2017 7:12,Deviation,Discrepancy
Closed - Approved,11/13/2017 11:11,12/13/2017 11:12,11/27/2017 0:11,11/24/2017 13:11,Deviation,Discrepancy
In proggress,11/13/2017 14:11,12/13/2017 14:12,12/6/2017 0:12,12/4/2017 10:12,Deviation,Discrepancy
Closed - Approved,11/13/2017 15:11,12/13/2017 15:12,1/26/2018 0:01,1/26/2018 12:01,Deviation,Discrepancy
Closed - Approved,11/13/2017 16:11,12/13/2017 16:12,12/12/2017 0:12,12/12/2017 16:12,Deviation,Discrepancy
Closed - Approved,11/13/2017 16:11,12/13/2017 16:12,12/8/2017 0:12,12/7/2017 16:12,Deviation,Discrepancy
Closed - Approved,11/14/2017 8:11,12/14/2017 8:12,11/21/2017 0:11,11/15/2017 8:11,Deviation,Discrepancy
Closed - Approved,11/14/2017 8:11,12/14/2017 8:12,11/28/2017 0:11,11/24/2017 12:11,Deviation,Discrepancy
Closed - Approved,11/14/2017 9:11,12/14/2017 9:12,12/21/2017 0:12,12/18/2017 13:12,Deviation,Discrepancy
Closed - Approved,11/14/2017 11:11,12/14/2017 11:12,12/13/2017 0:12,12/11/2017 6:12,Deviation,Discrepancy
Closed - Approved,11/14/2017 13:11,12/14/2017 13:12,12/14/2017 0:12,12/8/2017 11:12,Deviation,Discrepancy
Closed - Approved,11/14/2017 15:11,12/14/2017 15:12,12/4/2017 0:12,11/27/2017 7:11,Deviation,Discrepancy
Closed - Approved,11/14/2017 16:11,12/14/2017 16:12,12/8/2017 0:12,12/7/2017 14:12,Deviation,Discrepancy
Closed - Approved,11/15/2017 9:11,12/15/2017 9:12,12/12/2017 0:12,12/11/2017 17:12,Deviation,Discrepancy
Closed - Approved,11/15/2017 12:11,12/15/2017 12:12,12/15/2017 0:12,12/6/2017 11:12,Deviation,Discrepancy
Closed - Approved,11/15/2017 14:11,12/15/2017 14:12,12/8/2017 0:12,12/10/2017 20:12,Deviation,Discrepancy
Closed - Approved,11/15/2017 15:11,12/15/2017 15:12,1/31/2018 0:01,1/31/2018 17:01,Deviation,Discrepancy
Closed - Approved,11/16/2017 11:11,12/16/2017 11:12,12/11/2017 0:12,12/4/2017 7:12,Deviation,Discrepancy
Closed - Approved,11/16/2017 13:11,12/16/2017 13:12,12/14/2017 0:12,12/14/2017 9:12,Deviation,Discrepancy
Closed - Approved,11/16/2017 14:11,12/16/2017 14:12,1/12/2018 0:01,1/10/2018 12:01,Deviation,Discrepancy
Closed - Approved,11/16/2017 14:11,12/16/2017 14:12,12/4/2017 0:12,11/28/2017 7:11,Deviation,Discrepancy
Closed - Approved,11/16/2017 15:11,12/16/2017 15:12,12/15/2017 0:12,12/14/2017 11:12,Deviation,Discrepancy
Closed - Approved,11/16/2017 16:11,12/16/2017 16:12,12/15/2017 0:12,12/11/2017 14:12,Deviation,Discrepancy
Closed - Approved,11/16/2017 16:11,12/16/2017 16:12,12/15/2017 0:12,12/15/2017 7:12,Deviation,Discrepancy
Closed - Approved,11/16/2017 16:11,12/16/2017 16:12,12/15/2017 0:12,12/14/2017 10:12,Deviation,Discrepancy
Closed - Approved,11/16/2017 20:11,12/16/2017 20:12,12/4/2017 0:12,11/28/2017 15:11,Deviation,Discrepancy
Closed - Approved,11/17/2017 7:11,12/17/2017 7:12,12/11/2017 0:12,12/11/2017 6:12,Deviation,Discrepancy
Closed - Approved,11/17/2017 7:11,12/17/2017 7:12,12/1/2017 0:12,11/21/2017 10:11,Deviation,Discrepancy
Closed - Approved,11/17/2017 7:11,12/17/2017 7:12,12/5/2017 0:12,12/1/2017 7:12,Deviation,Discrepancy
Closed - Approved,11/17/2017 7:11,12/29/2017 7:12,12/20/2017 0:12,12/20/2017 13:12,Investigation,Discrepancy
Closed - Approved,11/17/2017 9:11,12/17/2017 9:12,12/15/2017 0:12,12/15/2017 14:12,Deviation,Discrepancy
Closed - Approved,11/17/2017 9:11,12/17/2017 9:12,12/11/2017 0:12,11/30/2017 10:11,Deviation,Discrepancy
Closed - Approved,11/17/2017 12:11,12/17/2017 12:12,11/23/2017 0:11,11/21/2017 14:11,Deviation,Discrepancy
Closed - Approved,11/17/2017 12:11,12/29/2017 12:12,2/2/2018 0:02,1/31/2018 7:01,Investigation,Discrepancy
Closed - Approved,11/20/2017 9:11,12/20/2017 9:12,12/15/2017 0:12,12/7/2017 10:12,Deviation,Discrepancy
In proggress,11/20/2017 11:11,1/1/2018 11:01,12/21/2017 0:12,12/19/2017 14:12,Investigation,Discrepancy
Closed - Approved,11/20/2017 12:11,12/20/2017 12:12,2/9/2018 0:02,2/8/2018 15:02,Deviation,Discrepancy
Closed - Approved,11/20/2017 12:11,12/20/2017 12:12,2/9/2018 0:02,2/9/2018 10:02,Deviation,Discrepancy
Closed - Approved,11/20/2017 14:11,12/20/2017 14:12,1/24/2018 0:01,1/24/2018 17:01,Deviation,Discrepancy
Closed - Approved,11/21/2017 10:11,12/21/2017 10:12,12/8/2017 0:12,11/30/2017 13:11,Deviation,Discrepancy
Closed - Approved,11/21/2017 13:11,12/21/2017 13:12,12/1/2017 0:12,11/27/2017 14:11,Deviation,Discrepancy
Closed - Approved,11/21/2017 13:11,12/21/2017 13:12,12/21/2017 0:12,12/20/2017 10:12,Deviation,Discrepancy
Closed - Approved,11/21/2017 14:11,12/21/2017 14:12,1/8/2018 0:01,1/8/2018 14:01,Deviation,Discrepancy
Closed - Approved,11/21/2017 16:11,12/21/2017 16:12,12/21/2017 0:12,12/21/2017 10:12,Deviation,Discrepancy
Closed - Approved,11/21/2017 16:11,12/21/2017 16:12,12/6/2017 0:12,12/5/2017 14:12,Deviation,Discrepancy
Closed - Approved,11/22/2017 12:11,12/22/2017 12:12,11/29/2017 0:11,11/28/2017 9:11,Deviation,Discrepancy
Closed - Approved,11/22/2017 13:11,12/22/2017 13:12,11/28/2017 0:11,11/28/2017 8:11,Deviation,Discrepancy
Closed - Approved,11/22/2017 13:11,12/22/2017 13:12,11/23/2017 0:11,11/23/2017 15:11,Deviation,Discrepancy
Closed - Approved,11/22/2017 14:11,12/22/2017 14:12,11/29/2017 0:11,11/28/2017 14:11,Deviation,Discrepancy
Closed - Approved,11/22/2017 14:11,12/22/2017 14:12,11/23/2017 0:11,11/22/2017 19:11,Deviation,Discrepancy
Closed - Approved,11/22/2017 14:11,12/22/2017 14:12,12/16/2017 0:12,12/15/2017 15:12,Deviation,Discrepancy
Closed - Approved,11/22/2017 16:11,12/22/2017 16:12,1/11/2018 0:01,1/10/2018 15:01,Deviation,Discrepancy
Closed - Approved,11/23/2017 7:11,12/23/2017 7:12,12/7/2017 0:12,12/4/2017 13:12,Deviation,Discrepancy
Closed - Approved,11/23/2017 9:11,12/23/2017 9:12,1/2/2018 0:01,12/22/2017 12:12,Deviation,Discrepancy
Closed - Approved,11/23/2017 11:11,12/23/2017 11:12,12/1/2017 0:12,11/29/2017 10:11,Deviation,Discrepancy
Closed - Approved,11/23/2017 12:11,12/23/2017 12:12,11/23/2017 0:11,11/23/2017 16:11,Deviation,Discrepancy
Closed - Approved,11/23/2017 12:11,12/23/2017 12:12,12/14/2017 0:12,12/14/2017 7:12,Deviation,Discrepancy
Closed - Approved,11/23/2017 16:11,12/23/2017 16:12,12/5/2017 0:12,11/27/2017 14:11,Deviation,Discrepancy
Closed - Approved,11/24/2017 6:11,12/24/2017 6:12,12/14/2017 0:12,12/14/2017 13:12,Deviation,Discrepancy
Closed - Approved,11/24/2017 7:11,12/24/2017 7:12,12/22/2017 0:12,12/21/2017 22:12,Deviation,Discrepancy
Closed - Approved,11/24/2017 10:11,12/24/2017 10:12,12/21/2017 0:12,12/18/2017 5:12,Deviation,Discrepancy
Closed - Approved,11/24/2017 12:11,12/24/2017 12:12,12/1/2017 0:12,11/28/2017 11:11,Deviation,Discrepancy
Closed - Approved,11/24/2017 12:11,12/24/2017 12:12,12/8/2017 0:12,12/7/2017 14:12,Deviation,Discrepancy
Closed - Approved,11/24/2017 12:11,12/24/2017 12:12,12/15/2017 0:12,12/13/2017 15:12,Deviation,Discrepancy
Closed - Approved,11/24/2017 12:11,12/24/2017 12:12,12/22/2017 0:12,12/21/2017 16:12,Deviation,Discrepancy
Closed - Approved,11/24/2017 13:11,12/24/2017 13:12,1/2/2018 0:01,12/14/2017 13:12,Deviation,Discrepancy
Closed - Approved,11/24/2017 14:11,12/24/2017 14:12,12/8/2017 0:12,12/8/2017 14:12,Deviation,Discrepancy
Closed - Approved,11/24/2017 15:11,12/24/2017 15:12,12/18/2017 0:12,12/14/2017 7:12,Deviation,Discrepancy
Closed - Approved,11/24/2017 15:11,12/24/2017 15:12,12/20/2017 0:12,12/19/2017 6:12,Deviation,Discrepancy
In proggress,11/27/2017 8:11,12/27/2017 8:12,12/14/2017 0:12,12/13/2017 14:12,Deviation,Discrepancy
Closed - Approved,11/27/2017 12:11,12/27/2017 12:12,12/4/2017 0:12,12/1/2017 13:12,Deviation,Discrepancy
Closed - Approved,11/27/2017 15:11,12/27/2017 15:12,1/30/2018 0:01,1/29/2018 9:01,Deviation,Discrepancy
Closed - Approved,11/28/2017 10:11,12/28/2017 10:12,12/4/2017 0:12,12/1/2017 15:12,Deviation,Discrepancy
Closed - Approved,11/28/2017 10:11,12/28/2017 10:12,12/14/2017 0:12,12/12/2017 10:12,Deviation,Discrepancy
Closed - Approved,11/28/2017 11:11,12/28/2017 11:12,12/13/2017 0:12,12/11/2017 15:12,Deviation,Discrepancy
Closed - Approved,11/28/2017 11:11,12/28/2017 11:12,12/14/2017 0:12,12/12/2017 15:12,Deviation,Discrepancy
Closed - Approved,11/28/2017 13:11,12/28/2017 13:12,1/2/2018 0:01,12/21/2017 12:12,Deviation,Discrepancy
Closed - Approved,11/28/2017 14:11,12/28/2017 14:12,12/20/2017 0:12,12/19/2017 12:12,Deviation,Discrepancy
Closed - Approved,11/28/2017 16:11,12/28/2017 16:12,2/6/2018 0:02,2/5/2018 15:02,Deviation,Discrepancy
Closed - Approved,11/29/2017 8:11,12/29/2017 8:12,12/21/2017 0:12,12/20/2017 9:12,Deviation,Discrepancy
Closed - Approved,11/29/2017 10:11,12/29/2017 10:12,12/15/2017 0:12,12/14/2017 12:12,Deviation,Discrepancy
Closed - Approved,11/29/2017 12:11,12/29/2017 12:12,2/7/2018 0:02,2/6/2018 10:02,Deviation,Discrepancy
Closed - Approved,11/29/2017 15:11,12/29/2017 15:12,12/18/2017 0:12,12/14/2017 14:12,Deviation,Discrepancy
Closed - Approved,11/29/2017 16:11,12/29/2017 16:12,12/21/2017 0:12,12/19/2017 14:12,Deviation,Discrepancy
Closed - Approved,11/30/2017 8:11,12/30/2017 8:12,12/1/2017 0:12,12/1/2017 12:12,Deviation,Discrepancy
Closed - Approved,11/30/2017 9:11,12/30/2017 9:12,12/13/2017 0:12,12/13/2017 12:12,Deviation,Discrepancy
Closed - Approved,11/30/2017 10:11,12/30/2017 10:12,12/21/2017 0:12,12/21/2017 12:12,Deviation,Discrepancy
Closed - Approved,11/30/2017 12:11,12/30/2017 12:12,1/11/2018 0:01,12/21/2017 13:12,Deviation,Discrepancy
Closed - Approved,11/30/2017 12:11,12/30/2017 12:12,12/11/2017 0:12,12/6/2017 15:12,Deviation,Discrepancy
Closed - Approved,11/30/2017 14:11,12/30/2017 14:12,12/21/2017 0:12,12/21/2017 8:12,Deviation,Discrepancy
Closed - Approved,11/30/2017 19:11,12/30/2017 19:12,12/14/2017 0:12,12/12/2017 11:12,Deviation,Discrepancy
Closed - Approved,12/1/2017 8:12,12/31/2017 8:12,12/22/2017 0:12,12/15/2017 13:12,Deviation,Discrepancy
In proggress,12/1/2017 9:12,12/31/2017 9:12,12/11/2017 0:12,12/8/2017 13:12,Deviation,Discrepancy
Closed - Approved,12/1/2017 11:12,12/31/2017 11:12,12/20/2017 0:12,12/19/2017 15:12,Deviation,Discrepancy
Closed - Approved,12/1/2017 14:12,12/31/2017 14:12,12/21/2017 0:12,12/21/2017 11:12,Deviation,Discrepancy
Closed - Approved,12/4/2017 9:12,1/3/2018 9:01,2/7/2018 0:02,2/7/2018 10:02,Deviation,Discrepancy
Closed - Approved,12/4/2017 9:12,1/3/2018 9:01,12/20/2017 0:12,12/19/2017 8:12,Deviation,Discrepancy
Closed - Approved,12/4/2017 9:12,1/3/2018 9:01,12/21/2017 0:12,12/20/2017 9:12,Deviation,Discrepancy
Closed - Approved,12/4/2017 11:12,1/3/2018 11:01,1/26/2018 0:01,1/25/2018 14:01,Deviation,Discrepancy
Closed - Approved,12/4/2017 12:12,1/3/2018 12:01,12/22/2017 0:12,12/21/2017 7:12,Deviation,Discrepancy
Closed - Approved,12/4/2017 13:12,1/3/2018 13:01,12/13/2017 0:12,12/11/2017 14:12,Deviation,Discrepancy
Closed - Approved,12/4/2017 16:12,1/3/2018 16:01,12/14/2017 0:12,12/12/2017 15:12,Deviation,Discrepancy
Closed - Approved,12/4/2017 20:12,1/3/2018 20:01,12/19/2017 0:12,12/15/2017 14:12,Deviation,Discrepancy
Closed - Approved,12/5/2017 7:12,1/4/2018 7:01,12/8/2017 0:12,12/6/2017 7:12,Deviation,Discrepancy
Closed - Approved,12/5/2017 9:12,1/4/2018 9:01,1/2/2018 0:01,12/19/2017 15:12,Deviation,Discrepancy
Closed - Approved,12/5/2017 10:12,1/4/2018 10:01,12/21/2017 0:12,12/20/2017 16:12,Deviation,Discrepancy
Closed - Approved,12/5/2017 12:12,1/4/2018 12:01,1/4/2018 0:01,1/3/2018 12:01,Deviation,Discrepancy
Closed - Approved,12/5/2017 12:12,1/4/2018 12:01,12/18/2017 0:12,12/18/2017 11:12,Deviation,Discrepancy
Closed - Approved,12/5/2017 12:12,1/4/2018 12:01,12/14/2017 0:12,12/13/2017 15:12,Deviation,Discrepancy
Closed - Approved,12/5/2017 12:12,1/4/2018 12:01,12/21/2017 0:12,12/20/2017 8:12,Deviation,Discrepancy
Closed - Approved,12/5/2017 13:12,1/16/2018 13:01,1/11/2018 0:01,1/10/2018 16:01,Investigation,Discrepancy
Closed - Approved,12/6/2017 9:12,1/5/2018 9:01,12/22/2017 0:12,12/22/2017 10:12,Deviation,Discrepancy
Closed - Approved,12/6/2017 12:12,1/5/2018 12:01,12/19/2017 0:12,12/15/2017 14:12,Deviation,Discrepancy
Closed - Approved,12/6/2017 12:12,1/5/2018 12:01,12/12/2017 0:12,12/8/2017 13:12,Deviation,Discrepancy
Closed - Approved,12/6/2017 14:12,1/5/2018 14:01,1/4/2018 0:01,12/19/2017 15:12,Deviation,Discrepancy
Closed - Approved,12/6/2017 16:12,1/5/2018 16:01,12/15/2017 0:12,12/15/2017 8:12,Deviation,Discrepancy
Closed - Approved,12/7/2017 6:12,1/6/2018 6:01,12/8/2017 0:12,12/7/2017 14:12,Deviation,Discrepancy
Closed - Approved,12/7/2017 9:12,1/6/2018 9:01,12/13/2017 0:12,12/13/2017 13:12,Deviation,Discrepancy
In proggress,12/7/2017 11:12,1/6/2018 11:01,12/21/2017 0:12,12/19/2017 9:12,Deviation,Discrepancy
Closed - Approved,12/7/2017 12:12,1/6/2018 12:01,1/4/2018 0:01,12/22/2017 12:12,Deviation,Discrepancy
Closed - Approved,12/7/2017 12:12,1/6/2018 12:01,1/11/2018 0:01,1/10/2018 11:01,Deviation,Discrepancy
Closed - Approved,12/7/2017 14:12,1/6/2018 14:01,12/15/2017 0:12,12/14/2017 10:12,Deviation,Discrepancy
Closed - Approved,12/7/2017 14:12,1/6/2018 14:01,1/3/2018 0:01,1/3/2018 8:01,Deviation,Discrepancy
Closed - Approved,12/7/2017 15:12,1/6/2018 15:01,1/5/2018 0:01,1/5/2018 9:01,Deviation,Discrepancy
Closed - Approved,12/7/2017 15:12,1/6/2018 15:01,12/20/2017 0:12,12/19/2017 6:12,Deviation,Discrepancy
Closed - Approved,12/7/2017 15:12,1/6/2018 15:01,12/22/2017 0:12,12/22/2017 7:12,Deviation,Discrepancy
Closed - Approved,12/7/2017 16:12,1/6/2018 16:01,12/22/2017 0:12,12/20/2017 13:12,Deviation,Discrepancy
Closed - Approved,12/7/2017 16:12,1/6/2018 16:01,12/22/2017 0:12,12/21/2017 7:12,Deviation,Discrepancy
Closed - Approved,12/7/2017 17:12,1/6/2018 17:01,1/5/2018 0:01,1/4/2018 16:01,Deviation,Discrepancy
Closed - Approved,12/8/2017 6:12,1/7/2018 6:01,1/15/2018 0:01,1/15/2018 11:01,Deviation,Discrepancy
Closed - Approved,12/8/2017 6:12,1/7/2018 6:01,12/13/2017 0:12,12/11/2017 13:12,Deviation,Discrepancy
Closed - Approved,12/8/2017 9:12,1/7/2018 9:01,1/5/2018 0:01,1/2/2018 7:01,Deviation,Discrepancy
Closed - Approved,12/8/2017 15:12,1/7/2018 15:01,12/21/2017 0:12,12/20/2017 10:12,Deviation,Discrepancy
Closed - Approved,12/8/2017 15:12,1/7/2018 15:01,12/14/2017 0:12,12/13/2017 13:12,Deviation,Discrepancy
Closed - Approved,12/8/2017 15:12,1/7/2018 15:01,1/2/2018 0:01,12/21/2017 8:12,Deviation,Discrepancy
Closed - Approved,12/8/2017 15:12,1/7/2018 15:01,1/5/2018 0:01,1/5/2018 13:01,Deviation,Discrepancy
Closed - Approved,12/11/2017 10:12,1/10/2018 10:01,1/8/2018 0:01,1/5/2018 14:01,Deviation,Discrepancy
Closed - Approved,12/11/2017 10:12,1/10/2018 10:01,2/12/2018 0:02,2/9/2018 9:02,Deviation,Discrepancy
Closed - Approved,12/11/2017 11:12,1/10/2018 11:01,12/20/2017 0:12,12/18/2017 12:12,Deviation,Discrepancy
Closed - Approved,12/11/2017 13:12,1/10/2018 13:01,12/22/2017 0:12,12/22/2017 7:12,Deviation,Discrepancy
Closed - Approved,12/11/2017 14:12,1/10/2018 14:01,1/26/2018 0:01,1/25/2018 10:01,Deviation,Discrepancy
Closed - Approved,12/11/2017 14:12,1/10/2018 14:01,1/12/2018 0:01,1/8/2018 14:01,Deviation,Discrepancy
Closed - Approved,12/11/2017 15:12,1/10/2018 15:01,12/20/2017 0:12,12/19/2017 6:12,Deviation,Discrepancy
Closed - Approved,12/11/2017 15:12,1/10/2018 15:01,12/15/2017 0:12,12/14/2017 15:12,Deviation,Discrepancy
Closed - Approved,12/11/2017 16:12,1/10/2018 16:01,12/22/2017 0:12,12/15/2017 14:12,Deviation,Discrepancy
Closed - Approved,12/11/2017 16:12,1/10/2018 16:01,2/26/2018 0:02,2/26/2018 9:02,Deviation,Discrepancy
Closed - Approved,12/12/2017 11:12,1/11/2018 11:01,12/20/2017 0:12,12/20/2017 4:12,Deviation,Discrepancy
Closed - Approved,12/12/2017 22:12,1/11/2018 22:01,12/19/2017 0:12,12/18/2017 12:12,Deviation,Discrepancy
In proggress,12/12/2017 22:12,1/11/2018 22:01,12/22/2017 0:12,12/21/2017 9:12,Deviation,Discrepancy
Closed - Approved,12/13/2017 12:12,1/12/2018 12:01,1/8/2018 0:01,1/8/2018 9:01,Deviation,Discrepancy
Closed - Approved,12/13/2017 15:12,1/12/2018 15:01,12/19/2017 0:12,12/14/2017 14:12,Deviation,Discrepancy
Closed - Approved,12/13/2017 15:12,1/12/2018 15:01,1/12/2018 0:01,1/11/2018 19:01,Deviation,Discrepancy
Closed - Approved,12/13/2017 22:12,1/12/2018 22:01,12/20/2017 0:12,12/18/2017 13:12,Deviation,Discrepancy
Closed - Approved,12/14/2017 9:12,1/13/2018 9:01,2/9/2018 0:02,2/9/2018 7:02,Deviation,Discrepancy
Closed - Approved,12/14/2017 10:12,1/13/2018 10:01,1/10/2018 0:01,1/8/2018 11:01,Deviation,Discrepancy
Closed - Approved,12/14/2017 10:12,1/13/2018 10:01,1/12/2018 0:01,1/11/2018 16:01,Deviation,Discrepancy
Closed - Approved,12/14/2017 11:12,1/13/2018 11:01,12/21/2017 0:12,12/21/2017 8:12,Deviation,Discrepancy
Closed - Approved,12/14/2017 14:12,1/13/2018 14:01,1/3/2018 0:01,1/3/2018 13:01,Deviation,Discrepancy
Closed - Approved,12/15/2017 7:12,1/14/2018 7:01,1/11/2018 0:01,1/11/2018 10:01,Deviation,Discrepancy
Closed - Approved,12/15/2017 9:12,1/14/2018 9:01,12/22/2017 0:12,12/19/2017 7:12,Deviation,Discrepancy
Closed - Approved,12/15/2017 10:12,1/14/2018 10:01,1/12/2018 0:01,1/11/2018 15:01,Deviation,Discrepancy
Closed - Approved,12/15/2017 11:12,1/14/2018 11:01,12/22/2017 0:12,12/22/2017 10:12,Deviation,Discrepancy
In proggress,12/15/2017 12:12,1/14/2018 12:01,1/12/2018 0:01,1/11/2018 11:01,Deviation,Discrepancy
Closed - Approved,12/18/2017 8:12,1/17/2018 8:01,1/16/2018 0:01,1/12/2018 16:01,Deviation,Discrepancy
Closed - Approved,12/18/2017 10:12,1/17/2018 10:01,1/17/2018 0:01,1/17/2018 14:01,Deviation,Discrepancy
Closed - Approved,12/18/2017 11:12,1/17/2018 11:01,12/21/2017 0:12,12/20/2017 15:12,Deviation,Discrepancy
Closed - Approved,12/18/2017 11:12,1/17/2018 11:01,1/9/2018 0:01,12/21/2017 10:12,Deviation,Discrepancy
Closed - Approved,12/18/2017 12:12,1/17/2018 12:01,3/21/2018 0:03,3/21/2018 14:03,Deviation,Discrepancy
Closed - Approved,12/18/2017 16:12,1/17/2018 16:01,1/16/2018 0:01,1/15/2018 16:01,Deviation,Discrepancy
Closed - Approved,12/19/2017 11:12,1/18/2018 11:01,1/17/2018 0:01,1/16/2018 9:01,Deviation,Discrepancy
Closed - Approved,12/19/2017 11:12,1/18/2018 11:01,1/18/2018 0:01,1/12/2018 9:01,Deviation,Discrepancy
In proggress,12/19/2017 11:12,1/18/2018 11:01,1/22/2018 0:01,1/17/2018 7:01,Deviation,Discrepancy
Closed - Approved,12/19/2017 13:12,1/18/2018 13:01,1/18/2018 0:01,1/17/2018 15:01,Deviation,Discrepancy
Closed - Approved,12/20/2017 6:12,1/19/2018 6:01,1/17/2018 0:01,1/16/2018 15:01,Deviation,Discrepancy
Closed - Approved,12/20/2017 8:12,1/19/2018 8:01,2/5/2018 0:02,1/30/2018 15:01,Deviation,Discrepancy
Closed - Approved,12/20/2017 10:12,1/19/2018 10:01,1/17/2018 0:01,1/16/2018 10:01,Deviation,Discrepancy
Closed - Approved,12/20/2017 13:12,1/19/2018 13:01,1/31/2018 0:01,1/31/2018 8:01,Deviation,Discrepancy
Closed - Approved,12/20/2017 13:12,1/19/2018 13:01,2/15/2018 0:02,2/14/2018 13:02,Deviation,Discrepancy
Closed - Approved,12/20/2017 15:12,1/19/2018 15:01,2/2/2018 0:02,2/2/2018 8:02,Deviation,Discrepancy
Closed - Approved,12/20/2017 20:12,1/19/2018 20:01,1/18/2018 0:01,1/16/2018 21:01,Deviation,Discrepancy
Closed - Withdrawn,12/21/2017 16:12,1/20/2018 16:01,1/5/2018 0:01,\N,Deviation,Discrepancy
Closed - Approved,12/22/2017 8:12,1/21/2018 8:01,1/26/2018 0:01,1/26/2018 8:01,Deviation,Discrepancy
Closed - Approved,12/22/2017 8:12,1/21/2018 8:01,2/15/2018 0:02,2/15/2018 9:02,Deviation,Discrepancy
Closed - Approved,12/22/2017 10:12,1/21/2018 10:01,1/31/2018 0:01,1/31/2018 14:01,Deviation,Discrepancy
Closed - Withdrawn,12/22/2017 10:12,1/21/2018 10:01,12/22/2017 0:12,\N,Deviation,Discrepancy
Closed - Approved,12/22/2017 11:12,1/21/2018 11:01,1/9/2018 0:01,1/3/2018 15:01,Deviation,Discrepancy
Closed - Approved,12/22/2017 11:12,1/21/2018 11:01,1/19/2018 0:01,1/16/2018 21:01,Deviation,Discrepancy
Closed - Approved,12/22/2017 12:12,1/21/2018 12:01,2/9/2018 0:02,2/8/2018 8:02,Deviation,Discrepancy
Closed - Approved,1/2/2018 9:01,2/1/2018 9:02,1/22/2018 0:01,1/16/2018 13:01,Deviation,Discrepancy
Closed - Approved,1/2/2018 11:01,2/1/2018 11:02,1/10/2018 0:01,1/8/2018 15:01,Deviation,Discrepancy
Closed - Approved,1/4/2018 7:01,2/3/2018 7:02,1/11/2018 0:01,1/9/2018 13:01,Deviation,Discrepancy
Closed - Approved,1/4/2018 10:01,2/3/2018 10:02,1/17/2018 0:01,1/16/2018 10:01,Deviation,Discrepancy
Closed - Approved,1/4/2018 10:01,3/5/2018 10:03,1/9/2018 0:01,1/9/2018 7:01,Deviation,Discrepancy
Closed - Approved,1/4/2018 11:01,2/3/2018 11:02,1/11/2018 0:01,1/5/2018 14:01,Deviation,Discrepancy
Closed - Approved,1/4/2018 13:01,2/3/2018 13:02,1/30/2018 0:01,1/22/2018 14:01,Deviation,Discrepancy
Closed - Approved,1/5/2018 6:01,2/4/2018 6:02,2/2/2018 0:02,1/22/2018 12:01,Deviation,Discrepancy
Closed - Approved,1/5/2018 7:01,2/4/2018 7:02,1/26/2018 0:01,1/22/2018 15:01,Deviation,Discrepancy
Closed - Approved,1/5/2018 8:01,2/4/2018 8:02,2/2/2018 0:02,2/2/2018 11:02,Deviation,Discrepancy
Closed - Approved,1/5/2018 8:01,2/4/2018 8:02,1/10/2018 0:01,1/5/2018 12:01,Deviation,Discrepancy
Closed - Approved,1/5/2018 12:01,2/4/2018 12:02,1/30/2018 0:01,1/23/2018 14:01,Deviation,Discrepancy
Closed - Approved,1/5/2018 15:01,2/4/2018 15:02,1/25/2018 0:01,1/18/2018 10:01,Deviation,Discrepancy
Closed - Approved,1/8/2018 9:01,2/7/2018 9:02,2/7/2018 0:02,2/6/2018 15:02,Deviation,Discrepancy
Closed - Approved,1/8/2018 10:01,2/7/2018 10:02,2/7/2018 0:02,1/22/2018 12:01,Deviation,Discrepancy
Closed - Approved,1/8/2018 10:01,2/7/2018 10:02,1/31/2018 0:01,1/29/2018 15:01,Deviation,Discrepancy
Closed - Approved,1/8/2018 10:01,2/7/2018 10:02,1/11/2018 0:01,1/11/2018 14:01,Deviation,Discrepancy
Closed - Approved,1/8/2018 12:01,2/7/2018 12:02,2/2/2018 0:02,1/31/2018 9:01,Deviation,Discrepancy
Closed - Approved,1/8/2018 13:01,2/7/2018 13:02,2/8/2018 0:02,1/31/2018 13:01,Deviation,Discrepancy
Closed - Approved,1/8/2018 14:01,2/7/2018 14:02,1/26/2018 0:01,1/23/2018 13:01,Deviation,Discrepancy
Closed - Approved,1/8/2018 15:01,2/7/2018 15:02,1/16/2018 0:01,1/16/2018 14:01,Deviation,Discrepancy
Closed - Approved,1/8/2018 15:01,2/7/2018 15:02,1/17/2018 0:01,1/17/2018 15:01,Deviation,Discrepancy
Closed - Approved,1/9/2018 10:01,2/8/2018 10:02,2/7/2018 0:02,1/22/2018 13:01,Deviation,Discrepancy
Closed - Approved,1/9/2018 13:01,2/8/2018 13:02,2/27/2018 0:02,2/27/2018 10:02,Deviation,Discrepancy
Closed - Approved,1/9/2018 13:01,2/8/2018 13:02,1/17/2018 0:01,1/16/2018 17:01,Deviation,Discrepancy
Closed - Approved,1/10/2018 9:01,2/9/2018 9:02,2/22/2018 0:02,2/22/2018 6:02,Deviation,Discrepancy
In proggress,1/10/2018 9:01,2/9/2018 9:02,1/31/2018 0:01,1/19/2018 14:01,Deviation,Discrepancy
Closed - Approved,1/10/2018 10:01,2/9/2018 10:02,2/2/2018 0:02,2/2/2018 9:02,Deviation,Discrepancy
Closed - Approved,1/10/2018 11:01,2/9/2018 11:02,2/9/2018 0:02,2/9/2018 10:02,Deviation,Discrepancy
Closed - Approved,1/10/2018 15:01,2/9/2018 15:02,2/2/2018 0:02,2/1/2018 12:02,Deviation,Discrepancy
Closed - Approved,1/10/2018 21:01,2/9/2018 21:02,1/16/2018 0:01,1/16/2018 7:01,Deviation,Discrepancy
Closed - Approved,1/11/2018 6:01,2/10/2018 6:02,2/8/2018 0:02,2/7/2018 9:02,Deviation,Discrepancy
Closed - Approved,1/11/2018 6:01,2/10/2018 6:02,1/22/2018 0:01,1/17/2018 10:01,Deviation,Discrepancy
Closed - Approved,1/11/2018 9:01,2/10/2018 9:02,1/30/2018 0:01,1/22/2018 14:01,Deviation,Discrepancy
Closed - Approved,1/11/2018 10:01,2/22/2018 10:02,2/15/2018 0:02,2/9/2018 10:02,Investigation,Discrepancy
Closed - Approved,1/11/2018 14:01,2/10/2018 14:02,1/18/2018 0:01,1/18/2018 12:01,Deviation,Discrepancy
Closed - Approved,1/11/2018 15:01,2/10/2018 15:02,2/20/2018 0:02,2/19/2018 15:02,Investigation,Discrepancy
Closed - Approved,1/12/2018 7:01,2/11/2018 7:02,2/9/2018 0:02,2/8/2018 12:02,Deviation,Discrepancy
Closed - Approved,1/12/2018 10:01,2/11/2018 10:02,2/5/2018 0:02,1/31/2018 9:01,Deviation,Discrepancy
Closed - Approved,1/12/2018 12:01,2/11/2018 12:02,1/26/2018 0:01,1/25/2018 9:01,Deviation,Discrepancy
Closed - Approved,1/12/2018 13:01,2/11/2018 13:02,2/16/2018 0:02,2/16/2018 11:02,Deviation,Discrepancy
Closed - Approved,1/12/2018 15:01,2/11/2018 15:02,1/31/2018 0:01,1/29/2018 6:01,Deviation,Discrepancy
Closed - Approved,1/15/2018 9:01,2/14/2018 9:02,1/23/2018 0:01,1/22/2018 8:01,Deviation,Discrepancy
Closed - Approved,1/15/2018 16:01,2/14/2018 16:02,1/22/2018 0:01,1/22/2018 9:01,Deviation,Discrepancy
Closed - Approved,1/16/2018 10:01,2/15/2018 10:02,1/18/2018 0:01,1/18/2018 9:01,Deviation,Discrepancy
Closed - Approved,1/16/2018 10:01,2/15/2018 10:02,1/31/2018 0:01,1/25/2018 16:01,Deviation,Discrepancy
Closed - Approved,1/16/2018 13:01,2/15/2018 13:02,2/7/2018 0:02,1/24/2018 14:01,Deviation,Discrepancy
In proggress,1/16/2018 15:01,2/15/2018 15:02,2/15/2018 0:02,2/14/2018 10:02,Deviation,Discrepancy
Closed - Approved,1/16/2018 15:01,2/15/2018 15:02,2/8/2018 0:02,2/2/2018 7:02,Deviation,Discrepancy
Closed - Approved,1/17/2018 8:01,2/16/2018 8:02,2/16/2018 0:02,2/15/2018 4:02,Deviation,Discrepancy
Closed - Approved,1/17/2018 8:01,2/16/2018 8:02,2/8/2018 0:02,2/8/2018 8:02,Deviation,Discrepancy
Closed - Approved,1/17/2018 8:01,2/16/2018 8:02,1/31/2018 0:01,1/29/2018 15:01,Deviation,Discrepancy
Closed - Approved,1/17/2018 8:01,2/16/2018 8:02,2/15/2018 0:02,2/14/2018 13:02,Deviation,Discrepancy
Closed - Approved,1/17/2018 10:01,2/16/2018 10:02,2/14/2018 0:02,2/13/2018 8:02,Deviation,Discrepancy
Closed - Approved,1/18/2018 10:01,2/17/2018 10:02,2/16/2018 0:02,2/16/2018 10:02,Deviation,Discrepancy
Closed - Approved,1/18/2018 12:01,2/17/2018 12:02,2/9/2018 0:02,1/30/2018 14:01,Deviation,Discrepancy
Closed - Approved,1/18/2018 14:01,2/17/2018 14:02,2/16/2018 0:02,2/8/2018 8:02,Deviation,Discrepancy
Closed - Approved,1/18/2018 16:01,2/17/2018 16:02,2/16/2018 0:02,2/13/2018 10:02,Deviation,Discrepancy
Closed - Approved,1/19/2018 11:01,2/18/2018 11:02,2/17/2018 0:02,2/5/2018 13:02,Deviation,Discrepancy
Closed - Approved,1/19/2018 12:01,2/18/2018 12:02,2/9/2018 0:02,2/8/2018 7:02,Deviation,Discrepancy
Closed - Approved,1/19/2018 13:01,2/18/2018 13:02,2/13/2018 0:02,2/9/2018 9:02,Deviation,Discrepancy
Closed - Approved,1/22/2018 7:01,2/21/2018 7:02,1/30/2018 0:01,1/29/2018 7:01,Deviation,Discrepancy
Closed - Approved,1/22/2018 7:01,2/21/2018 7:02,2/9/2018 0:02,1/30/2018 13:01,Deviation,Discrepancy
Closed - Approved,1/22/2018 8:01,2/21/2018 8:02,2/19/2018 0:02,2/16/2018 13:02,Deviation,Discrepancy
Closed - Approved,1/22/2018 9:01,2/21/2018 9:02,2/21/2018 0:02,2/19/2018 14:02,Deviation,Discrepancy
In proggress,1/22/2018 10:01,2/21/2018 10:02,2/20/2018 0:02,2/5/2018 9:02,Deviation,Discrepancy
Closed - Approved,1/22/2018 12:01,2/21/2018 12:02,4/4/2018 0:04,3/29/2018 10:03,Deviation,Discrepancy
Closed - Approved,1/23/2018 8:01,2/22/2018 8:02,2/8/2018 0:02,2/7/2018 13:02,Deviation,Discrepancy
Closed - Approved,1/23/2018 9:01,2/22/2018 9:02,2/13/2018 0:02,1/29/2018 12:01,Deviation,Discrepancy
Closed - Approved,1/23/2018 13:01,2/22/2018 13:02,2/13/2018 0:02,2/9/2018 10:02,Deviation,Discrepancy
Closed - Approved,1/23/2018 14:01,2/22/2018 14:02,3/8/2018 0:03,3/6/2018 12:03,Deviation,Discrepancy
Closed - Approved,1/23/2018 14:01,2/22/2018 14:02,2/22/2018 0:02,3/8/2018 7:03,Deviation,Discrepancy
Closed - Approved,1/23/2018 15:01,2/22/2018 15:02,2/7/2018 0:02,2/2/2018 12:02,Deviation,Discrepancy
Closed - Approved,1/23/2018 15:01,2/22/2018 15:02,2/21/2018 0:02,2/20/2018 13:02,Deviation,Discrepancy
Closed - Approved,1/24/2018 6:01,2/23/2018 6:02,2/9/2018 0:02,2/8/2018 15:02,Deviation,Discrepancy
Closed - Approved,1/24/2018 6:01,2/23/2018 6:02,2/21/2018 0:02,2/19/2018 14:02,Deviation,Discrepancy
Closed - Approved,1/24/2018 9:01,2/23/2018 9:02,2/23/2018 0:02,2/22/2018 12:02,Deviation,Discrepancy
Closed - Approved,1/24/2018 12:01,2/23/2018 12:02,2/9/2018 0:02,2/7/2018 13:02,Deviation,Discrepancy
Closed - Approved,1/24/2018 12:01,2/23/2018 12:02,2/6/2018 0:02,2/2/2018 9:02,Deviation,Discrepancy
Closed - Approved,1/24/2018 14:01,2/23/2018 14:02,2/6/2018 0:02,2/5/2018 12:02,Deviation,Discrepancy
Closed - Approved,1/25/2018 6:01,2/24/2018 6:02,2/21/2018 0:02,2/19/2018 15:02,Deviation,Discrepancy
Closed - Approved,1/25/2018 7:01,2/24/2018 7:02,3/6/2018 0:03,3/5/2018 13:03,Deviation,Discrepancy
Closed - Approved,1/25/2018 8:01,2/24/2018 8:02,2/14/2018 0:02,2/14/2018 8:02,Deviation,Discrepancy
Closed - Approved,1/25/2018 13:01,2/24/2018 13:02,2/5/2018 0:02,1/31/2018 12:01,Deviation,Discrepancy
Closed - Approved,1/25/2018 14:01,2/24/2018 14:02,2/14/2018 0:02,2/12/2018 13:02,Deviation,Discrepancy
Closed - Approved,1/26/2018 9:01,2/25/2018 9:02,2/20/2018 0:02,2/13/2018 14:02,Deviation,Discrepancy
Closed - Approved,1/26/2018 9:01,2/25/2018 9:02,2/7/2018 0:02,2/6/2018 7:02,Deviation,Discrepancy
Closed - Approved,1/26/2018 10:01,2/25/2018 10:02,1/29/2018 0:01,1/26/2018 14:01,Deviation,Discrepancy
Closed - Approved,1/26/2018 12:01,2/25/2018 12:02,2/13/2018 0:02,2/9/2018 9:02,Deviation,Discrepancy
Closed - Approved,1/27/2018 9:01,2/26/2018 9:02,2/2/2018 0:02,1/31/2018 16:01,Deviation,Discrepancy
Closed - Approved,1/29/2018 8:01,2/28/2018 8:02,2/2/2018 0:02,1/31/2018 10:01,Deviation,Discrepancy
Closed - Approved,1/29/2018 12:01,2/28/2018 12:02,2/26/2018 0:02,2/23/2018 16:02,Deviation,Discrepancy
Closed - Approved,1/29/2018 13:01,2/28/2018 13:02,2/21/2018 0:02,2/9/2018 13:02,Deviation,Discrepancy
Closed - Approved,1/29/2018 14:01,2/28/2018 14:02,2/21/2018 0:02,2/20/2018 12:02,Deviation,Discrepancy
In proggress,1/29/2018 14:01,3/30/2018 14:03,2/14/2018 0:02,2/14/2018 8:02,Deviation,Discrepancy
Closed - Approved,1/30/2018 9:01,3/1/2018 9:03,2/22/2018 0:02,2/7/2018 13:02,Deviation,Discrepancy
Closed - Approved,1/30/2018 9:01,3/1/2018 9:03,2/6/2018 0:02,2/5/2018 8:02,Deviation,Discrepancy
Closed - Approved,1/30/2018 11:01,3/1/2018 11:03,2/13/2018 0:02,2/8/2018 14:02,Deviation,Discrepancy
Closed - Approved,1/30/2018 12:01,3/1/2018 12:03,2/19/2018 0:02,2/8/2018 14:02,Deviation,Discrepancy
Closed - Approved,1/30/2018 12:01,3/1/2018 12:03,2/21/2018 0:02,2/12/2018 8:02,Deviation,Discrepancy
Closed - Approved,1/30/2018 12:01,3/1/2018 12:03,2/22/2018 0:02,2/20/2018 15:02,Deviation,Discrepancy
Closed - Approved,1/30/2018 13:01,3/1/2018 13:03,2/2/2018 0:02,2/1/2018 13:02,Deviation,Discrepancy
Closed - Approved,1/30/2018 14:01,3/1/2018 14:03,3/29/2018 0:03,3/28/2018 8:03,Investigation,Discrepancy
Closed - Approved,1/30/2018 14:01,3/1/2018 14:03,2/26/2018 0:02,2/14/2018 12:02,Deviation,Discrepancy
Closed - Approved,1/30/2018 14:01,3/1/2018 14:03,2/26/2018 0:02,2/14/2018 13:02,Deviation,Discrepancy
Closed - Withdrawn,1/31/2018 8:01,3/2/2018 8:03,2/23/2018 0:02,\N,Deviation,Discrepancy
Closed - Approved,1/31/2018 9:01,3/2/2018 9:03,2/19/2018 0:02,2/7/2018 11:02,Deviation,Discrepancy
Closed - Approved,1/31/2018 10:01,3/2/2018 10:03,2/28/2018 0:02,2/27/2018 7:02,Deviation,Discrepancy
Closed - Approved,1/31/2018 12:01,3/2/2018 12:03,3/1/2018 0:03,3/1/2018 8:03,Deviation,Discrepancy
Closed - Approved,1/31/2018 13:01,3/2/2018 13:03,2/28/2018 0:02,2/28/2018 14:02,Deviation,Discrepancy
Closed - Approved,1/31/2018 14:01,3/2/2018 14:03,2/13/2018 0:02,2/12/2018 10:02,Deviation,Discrepancy
Closed - Approved,2/1/2018 7:02,3/3/2018 7:03,3/2/2018 0:03,3/1/2018 12:03,Deviation,Discrepancy
Closed - Approved,2/1/2018 11:02,3/3/2018 11:03,2/27/2018 0:02,2/22/2018 13:02,Deviation,Discrepancy
Closed - Approved,2/1/2018 13:02,3/3/2018 13:03,3/1/2018 0:03,2/23/2018 15:02,Deviation,Discrepancy
Closed - Approved,2/1/2018 14:02,3/3/2018 14:03,3/3/2018 0:03,2/28/2018 12:02,Deviation,Discrepancy
Closed - Approved,2/1/2018 15:02,3/3/2018 15:03,3/2/2018 0:03,2/27/2018 10:02,Deviation,Discrepancy
Closed - Approved,2/1/2018 15:02,3/3/2018 15:03,3/2/2018 0:03,3/1/2018 17:03,Deviation,Discrepancy
Closed - Approved,2/1/2018 16:02,3/3/2018 16:03,2/28/2018 0:02,2/28/2018 6:02,Deviation,Discrepancy
Closed - Approved,2/2/2018 8:02,3/4/2018 8:03,2/14/2018 0:02,2/12/2018 9:02,Deviation,Discrepancy
Closed - Approved,2/2/2018 9:02,3/4/2018 9:03,2/13/2018 0:02,2/6/2018 14:02,Deviation,Discrepancy
Closed - Withdrawn,2/2/2018 10:02,3/4/2018 10:03,2/20/2018 0:02,\N,Deviation,Discrepancy
Closed - Approved,2/2/2018 12:02,3/4/2018 12:03,3/2/2018 0:03,3/2/2018 10:03,Deviation,Discrepancy
Closed - Approved,2/5/2018 7:02,3/7/2018 7:03,2/21/2018 0:02,2/20/2018 8:02,Deviation,Discrepancy
Closed - Approved,2/5/2018 13:02,3/7/2018 13:03,2/21/2018 0:02,2/9/2018 10:02,Deviation,Discrepancy
Closed - Approved,2/5/2018 14:02,3/7/2018 14:03,3/7/2018 0:03,3/6/2018 9:03,Deviation,Discrepancy
Closed - Approved,2/5/2018 14:02,3/7/2018 14:03,3/7/2018 0:03,2/19/2018 8:02,Deviation,Discrepancy
Closed - Approved,2/5/2018 14:02,3/7/2018 14:03,3/29/2018 0:03,3/28/2018 7:03,Investigation,Discrepancy
Closed - Approved,2/5/2018 15:02,3/7/2018 15:03,3/20/2018 0:03,3/16/2018 16:03,Deviation,Discrepancy
Closed - Approved,2/5/2018 18:02,3/7/2018 18:03,3/7/2018 0:03,3/4/2018 10:03,Deviation,Discrepancy
Closed - Approved,2/6/2018 8:02,3/8/2018 8:03,2/8/2018 0:02,2/6/2018 18:02,Deviation,Discrepancy
Closed - Approved,2/6/2018 10:02,3/8/2018 10:03,2/22/2018 0:02,2/21/2018 15:02,Deviation,Investigation
In proggress,2/6/2018 11:02,3/8/2018 11:03,3/2/2018 0:03,3/1/2018 10:03,Deviation,Discrepancy
Closed - Approved,2/6/2018 11:02,3/8/2018 11:03,2/14/2018 0:02,2/9/2018 10:02,Deviation,Discrepancy
Closed - Approved,2/6/2018 11:02,3/8/2018 11:03,3/7/2018 0:03,3/6/2018 11:03,Deviation,Discrepancy
Closed - Approved,2/6/2018 13:02,3/20/2018 13:03,3/1/2018 0:03,2/27/2018 15:02,Investigation,Discrepancy
Closed - Approved,2/6/2018 14:02,3/8/2018 14:03,3/7/2018 0:03,3/6/2018 12:03,Deviation,Discrepancy
Closed - Approved,2/6/2018 14:02,3/8/2018 14:03,2/20/2018 0:02,2/20/2018 16:02,Deviation,Discrepancy
Closed - Approved,2/7/2018 14:02,3/9/2018 14:03,2/27/2018 0:02,2/27/2018 8:02,Deviation,Discrepancy
Closed - Approved,2/7/2018 14:02,3/9/2018 14:03,2/8/2018 0:02,2/8/2018 9:02,Deviation,Discrepancy
Closed - Approved,2/7/2018 17:02,3/9/2018 17:03,3/9/2018 0:03,3/6/2018 13:03,Deviation,Discrepancy
Closed - Approved,2/7/2018 18:02,3/9/2018 18:03,3/6/2018 0:03,3/1/2018 16:03,Deviation,Discrepancy
Closed - Approved,2/8/2018 8:02,3/10/2018 8:03,2/23/2018 0:02,2/23/2018 8:02,Deviation,Discrepancy
Closed - Approved,2/8/2018 11:02,3/10/2018 11:03,2/26/2018 0:02,2/22/2018 16:02,Deviation,Discrepancy
Closed - Approved,2/8/2018 12:02,3/10/2018 12:03,3/22/2018 0:03,3/21/2018 15:03,Deviation,Discrepancy
Closed - Approved,2/8/2018 13:02,3/10/2018 13:03,2/16/2018 0:02,2/15/2018 7:02,Deviation,Discrepancy
Closed - Approved,2/8/2018 15:02,3/10/2018 15:03,4/12/2018 0:04,4/12/2018 5:04,Deviation,Discrepancy
Closed - Approved,2/9/2018 7:02,3/11/2018 7:03,2/16/2018 0:02,2/15/2018 15:02,Deviation,Discrepancy
Closed - Approved,2/9/2018 12:02,3/11/2018 12:03,3/9/2018 0:03,3/6/2018 12:03,Deviation,Discrepancy
Closed - Approved,2/9/2018 13:02,3/11/2018 13:03,3/26/2018 0:03,3/23/2018 6:03,Deviation,Discrepancy
In proggress,2/9/2018 14:02,3/11/2018 14:03,5/3/2018 0:05,5/2/2018 15:05,Investigation,Discrepancy
Closed - Approved,2/9/2018 14:02,3/11/2018 14:03,3/8/2018 0:03,3/6/2018 10:03,Deviation,Discrepancy
Closed - Approved,2/9/2018 14:02,3/11/2018 14:03,4/4/2018 0:04,3/29/2018 10:03,Deviation,Discrepancy
Closed - Approved,2/9/2018 14:02,3/11/2018 14:03,3/9/2018 0:03,3/9/2018 10:03,Deviation,Discrepancy
Closed - Approved,2/12/2018 7:02,3/14/2018 7:03,3/7/2018 0:03,3/7/2018 8:03,Deviation,Discrepancy
Closed - Approved,2/12/2018 9:02,3/14/2018 9:03,3/13/2018 0:03,3/12/2018 6:03,Deviation,Discrepancy
Closed - Approved,2/13/2018 8:02,3/15/2018 8:03,3/1/2018 0:03,3/1/2018 9:03,Deviation,Discrepancy
Closed - Approved,2/13/2018 8:02,3/15/2018 8:03,3/14/2018 0:03,3/12/2018 15:03,Deviation,Discrepancy
Closed - Approved,2/13/2018 10:02,3/15/2018 10:03,2/21/2018 0:02,2/21/2018 14:02,Deviation,Discrepancy
Closed - Approved,2/13/2018 12:02,3/15/2018 12:03,3/14/2018 0:03,3/14/2018 12:03,Deviation,Discrepancy
Closed - Approved,2/14/2018 11:02,3/16/2018 11:03,2/28/2018 0:02,2/28/2018 9:02,Deviation,Discrepancy
Closed - Approved,2/14/2018 11:02,3/16/2018 11:03,3/5/2018 0:03,3/2/2018 14:03,Deviation,Discrepancy
Closed - Approved,2/14/2018 14:02,3/16/2018 14:03,3/16/2018 0:03,3/13/2018 10:03,Deviation,Discrepancy
Closed - Approved,2/14/2018 14:02,3/16/2018 14:03,3/15/2018 0:03,3/15/2018 13:03,Deviation,Discrepancy
Closed - Approved,2/15/2018 14:02,3/17/2018 14:03,3/16/2018 0:03,3/15/2018 14:03,Deviation,Discrepancy
Closed - Approved,2/16/2018 7:02,3/18/2018 7:03,4/24/2018 0:04,4/20/2018 11:04,Deviation,Discrepancy
Closed - Approved,2/16/2018 9:02,3/18/2018 9:03,3/16/2018 0:03,3/16/2018 8:03,Deviation,Discrepancy
Closed - Approved,2/16/2018 9:02,3/18/2018 9:03,3/8/2018 0:03,3/7/2018 9:03,Deviation,Discrepancy
Closed - Approved,2/16/2018 9:02,3/18/2018 9:03,5/17/2018 0:05,5/17/2018 7:05,Deviation,Discrepancy
Closed - Approved,2/16/2018 11:02,3/18/2018 11:03,3/29/2018 0:03,3/12/2018 12:03,Deviation,Discrepancy
Closed - Approved,2/16/2018 11:02,3/18/2018 11:03,2/28/2018 0:02,2/28/2018 15:02,Deviation,Discrepancy
In proggress,2/16/2018 12:02,3/18/2018 12:03,2/28/2018 0:02,2/23/2018 14:02,Deviation,Discrepancy
Closed - Approved,2/16/2018 12:02,3/18/2018 12:03,2/22/2018 0:02,2/22/2018 9:02,Deviation,Discrepancy
Closed - Approved,2/16/2018 14:02,3/18/2018 14:03,5/2/2018 0:05,4/26/2018 9:04,Deviation,Discrepancy
Closed - Approved,2/16/2018 14:02,3/18/2018 14:03,3/14/2018 0:03,3/8/2018 15:03,Deviation,Discrepancy
Closed - Approved,2/20/2018 12:02,3/22/2018 12:03,3/21/2018 0:03,3/16/2018 9:03,Deviation,Discrepancy
Closed - Approved,2/20/2018 12:02,3/22/2018 12:03,6/28/2018 0:06,6/28/2018 13:06,Deviation,Discrepancy
Closed - Approved,2/20/2018 13:02,3/22/2018 13:03,3/22/2018 0:03,3/22/2018 9:03,Deviation,Discrepancy
Closed - Approved,2/20/2018 14:02,3/22/2018 14:03,3/22/2018 0:03,5/23/2018 13:05,Deviation,Discrepancy
Closed - Approved,2/20/2018 16:02,3/22/2018 16:03,3/8/2018 0:03,3/7/2018 9:03,Deviation,Discrepancy
Closed - Approved,2/20/2018 16:02,3/22/2018 16:03,3/23/2018 0:03,3/22/2018 15:03,Deviation,Discrepancy
Closed - Approved,2/21/2018 8:02,3/23/2018 8:03,3/1/2018 0:03,3/1/2018 8:03,Deviation,Discrepancy
Closed - Approved,2/21/2018 14:02,3/23/2018 14:03,3/1/2018 0:03,3/6/2018 14:03,Deviation,Discrepancy
Closed - Approved,2/21/2018 14:02,3/23/2018 14:03,5/24/2018 0:05,5/23/2018 14:05,Deviation,Discrepancy
Closed - Approved,2/21/2018 14:02,3/23/2018 14:03,3/22/2018 0:03,3/21/2018 17:03,Deviation,Discrepancy
Closed - Approved,2/21/2018 15:02,3/23/2018 15:03,3/12/2018 0:03,3/9/2018 13:03,Deviation,Discrepancy
In proggress,2/21/2018 18:02,3/23/2018 18:03,2/28/2018 0:02,3/6/2018 15:03,Deviation,Discrepancy
Closed - Approved,2/22/2018 10:02,3/24/2018 10:03,2/22/2018 0:02,2/22/2018 10:02,Deviation,Discrepancy
Closed - Approved,2/22/2018 12:02,3/24/2018 12:03,3/14/2018 0:03,3/2/2018 14:03,Deviation,Discrepancy
Closed - Approved,2/23/2018 6:02,3/25/2018 6:03,2/28/2018 0:02,2/26/2018 14:02,Deviation,Discrepancy
Closed - Approved,2/23/2018 7:02,3/25/2018 7:03,2/28/2018 0:02,2/28/2018 6:02,Deviation,Discrepancy
Closed - Approved,2/23/2018 8:02,3/25/2018 8:03,3/28/2018 0:03,3/27/2018 16:03,Deviation,Discrepancy
Closed - Approved,2/23/2018 9:02,3/25/2018 9:03,3/5/2018 0:03,3/1/2018 12:03,Deviation,Discrepancy
Closed - Approved,2/23/2018 9:02,3/25/2018 9:03,3/19/2018 0:03,3/19/2018 9:03,Deviation,Discrepancy
Closed - Approved,2/23/2018 10:02,3/25/2018 10:03,3/15/2018 0:03,3/15/2018 11:03,Deviation,Discrepancy
Closed - Approved,2/23/2018 10:02,3/25/2018 10:03,3/23/2018 0:03,3/20/2018 11:03,Deviation,Discrepancy
In proggress,2/23/2018 10:02,3/25/2018 10:03,3/20/2018 0:03,3/19/2018 14:03,Deviation,Discrepancy
Closed - Approved,2/23/2018 13:02,3/25/2018 13:03,3/20/2018 0:03,3/15/2018 14:03,Deviation,Discrepancy
Closed - Approved,2/23/2018 14:02,3/25/2018 14:03,3/23/2018 0:03,3/21/2018 7:03,Deviation,Discrepancy
Closed - Approved,2/23/2018 14:02,3/25/2018 14:03,2/26/2018 0:02,2/26/2018 12:02,Deviation,Discrepancy
Closed - Approved,2/23/2018 15:02,3/25/2018 15:03,3/22/2018 0:03,3/20/2018 16:03,Deviation,Discrepancy
Closed - Approved,2/23/2018 15:02,3/25/2018 15:03,3/23/2018 0:03,3/22/2018 12:03,Deviation,Discrepancy
Closed - Approved,2/26/2018 6:02,3/28/2018 6:03,3/28/2018 0:03,3/28/2018 4:03,Deviation,Discrepancy
Closed - Approved,2/26/2018 10:02,3/28/2018 10:03,3/6/2018 0:03,3/5/2018 9:03,Deviation,Discrepancy
Closed - Approved,2/26/2018 13:02,3/28/2018 13:03,3/28/2018 0:03,3/27/2018 7:03,Deviation,Discrepancy
Closed - Approved,2/26/2018 13:02,3/28/2018 13:03,3/8/2018 0:03,3/8/2018 13:03,Deviation,Discrepancy
Closed - Approved,2/26/2018 14:02,3/28/2018 14:03,3/27/2018 0:03,3/26/2018 12:03,Deviation,Discrepancy
Closed - Approved,2/26/2018 14:02,3/28/2018 14:03,3/27/2018 0:03,3/27/2018 7:03,Deviation,Discrepancy
Closed - Approved,2/26/2018 15:02,3/28/2018 15:03,3/9/2018 0:03,3/8/2018 15:03,Deviation,Discrepancy
Closed - Approved,2/26/2018 16:02,3/28/2018 16:03,3/28/2018 0:03,3/27/2018 11:03,Deviation,Discrepancy
Closed - Approved,2/26/2018 16:02,3/28/2018 16:03,3/23/2018 0:03,3/22/2018 12:03,Deviation,Discrepancy
Closed - Approved,2/27/2018 9:02,3/29/2018 9:03,3/29/2018 0:03,3/28/2018 12:03,Deviation,Discrepancy
Closed - Approved,2/27/2018 12:02,3/29/2018 12:03,3/29/2018 0:03,3/27/2018 11:03,Deviation,Discrepancy
Closed - Approved,2/27/2018 13:02,3/29/2018 13:03,3/29/2018 0:03,3/28/2018 14:03,Deviation,Discrepancy
Closed - Approved,2/27/2018 13:02,3/29/2018 13:03,3/27/2018 0:03,3/27/2018 7:03,Deviation,Discrepancy
Closed - Approved,2/27/2018 14:02,3/29/2018 14:03,3/21/2018 0:03,3/15/2018 9:03,Deviation,Discrepancy
Closed - Approved,2/27/2018 14:02,3/29/2018 14:03,3/16/2018 0:03,3/16/2018 7:03,Deviation,Discrepancy
Closed - Approved,2/28/2018 13:02,3/30/2018 13:03,3/6/2018 0:03,3/1/2018 15:03,Deviation,Discrepancy
Closed - Approved,2/28/2018 13:02,3/30/2018 13:03,3/21/2018 0:03,3/13/2018 13:03,Deviation,Discrepancy
Closed - Approved,2/28/2018 14:02,3/30/2018 14:03,4/10/2018 0:04,4/10/2018 9:04,Deviation,Discrepancy
Closed - Approved,2/28/2018 16:02,3/30/2018 16:03,3/15/2018 0:03,3/15/2018 14:03,Deviation,Discrepancy
